language,group,order_present,answers,order_prod,modality,chain,generation,training_time,testing_time,participant_id
,,"""['rennen', 'kalt', 'leise', 'langsam', 'Donner']""",,,gesture,1,0,,,
de,n,"['kalt', 'Donner', 'rennen', 'langsam', 'leise']","['kalt', 'Vogel', 'rennen', 'slowmotion', 'leise']","['Donner', 'kalt', 'langsam', 'leise', 'rennen']",gesture,1,1,176.5318144000048,248.78973259999475,1.0
de,n,"['kalt', 'leise', 'Donner', 'langsam', 'rennen']","['kalt', 'leise', 'Explosion', 'gehen', 'schnell']","['langsam', 'leise', 'Donner', 'kalt', 'rennen']",gesture,1,2,202.26049139999668,279.1104020999919,2.0
de,n,"['langsam', 'leise', 'kalt', 'rennen', 'Donner']","['gehen', 'Ruhe', 'kalt', 'schnell', 'Explosion']","['rennen', 'langsam', 'leise', 'Donner', 'kalt']",gesture,1,3,212.5166233999917,275.3182273999992,3.0
de,n,"['leise', 'Donner', 'kalt', 'rennen', 'langsam']","['Ruhe', 'Regen', 'kalt', 'laufen', 'gehen']","['rennen', 'leise', 'langsam', 'kalt', 'Donner']",gesture,1,4,166.29170129999693,240.1976455999975,4.0
de,n,"['Donner', 'kalt', 'rennen', 'leise', 'langsam']","['Explosion', 'kalt', 'joggen', 'leise', 'skifahren']","['kalt', 'leise', 'rennen', 'Donner', 'langsam']",gesture,1,5,213.15672050000285,303.38300159999926,5.0
en,n,"['silent', 'slow', 'thunderstorm', 'to run', 'cold']","['quiet', 'walking', 'explosion', 'fast', 'cold']","['cold', 'slow', 'silent', 'to run', 'thunderstorm']",gesture,1,6,241.6854803000024,328.87157930000103,6.0
en,n,"['to run', 'silent', 'thunderstorm', 'cold', 'slow']","['coming', 'silence', 'rain', 'cold', 'walking']","['slow', 'cold', 'to run', 'thunderstorm', 'silent']",gesture,1,7,222.46875470000668,304.47078790000523,7.0
de,n,"['rennen', 'kalt', 'Donner', 'langsam', 'leise']","['gehen', 'kalt', 'regnen', 'gehen', 'leise']","['rennen', 'leise', 'kalt', 'langsam', 'Donner']",gesture,1,8,222.35679649999656,309.4149394999986,8.0
de,n,"['Donner', 'rennen', 'langsam', 'kalt', 'leise']","['Regen', 'marschieren', 'gehen', 'kalt', 'leise']","['leise', 'rennen', 'kalt', 'Donner', 'langsam']",gesture,1,9,216.61275990000289,297.44720740000776,9.0
en,n,"['slow', 'silent', 'to run', 'thunderstorm', 'cold']","['walking', 'silence', 'run', 'rain', 'cold']","['thunderstorm', 'to run', 'cold', 'slow', 'silent']",gesture,1,10,218.06883369998832,289.07862249999016,10.0
en,n,"['thunderstorm', 'silent', 'slow', 'cold', 'to run']","['spring', 'silence', 'walk', 'cold', 'jog']","['thunderstorm', 'cold', 'silent', 'slow', 'to run']",gesture,1,11,202.27670769998804,284.0865281000006,11.0
de,n,"['langsam', 'rennen', 'Donner', 'leise', 'kalt']","['gehen', 'rennen', 'Regen', 'leise', 'kalt']","['Donner', 'langsam', 'leise', 'kalt', 'rennen']",gesture,1,12,171.90789580000273,242.6456164999981,12.0
de,y,"['rennen', 'leise', 'Donner', 'langsam', 'kalt']","['rennen', 'leise', 'sterne', 'schleichen', 'frieren']","['kalt', 'rennen', 'leise', 'Donner', 'langsam']",gesture,1,13,280.69425080000656,381.4488226999965,13.0
de,y,"['langsam', 'Donner', 'kalt', 'leise', 'rennen']","['laufen', 'hallo', 'kalt', 'leise', 'laufen']","['kalt', 'rennen', 'leise', 'langsam', 'Donner']",gesture,1,14,251.2693941000034,349.4958483000082,14.0
de,n,"['kalt', 'Donner', 'langsam', 'leise', 'rennen']","['kalt', 'Gewitter', 'schleichen', 'leise', 'schnell']","['Donner', 'kalt', 'langsam', 'rennen', 'leise']",gesture,1,15,232.3571361000068,307.6551118000061,15.0
de,n,"['kalt', 'langsam', 'Donner', 'leise', 'rennen']","['frieren', 'laufen', 'Gewitter', 'stille', 'rennen']","['kalt', 'leise', 'langsam', 'rennen', 'Donner']",gesture,1,16,222.19706069999663,296.96701480000047,16.0
de,y,"['kalt', 'Donner', 'langsam', 'rennen', 'leise']","['kalt', 'bewegen', 'Gorilla', 'rennen', 'leise']","['rennen', 'leise', 'Donner', 'langsam', 'kalt']",gesture,1,17,317.97508519999974,423.51383359999454,17.0
de,n,"['langsam', 'kalt', 'leise', 'rennen', 'Donner']","['langsam', 'kalt', 'leise', 'rennen', 'jonglieren']","['langsam', 'leise', 'kalt', 'Donner', 'rennen']",gesture,1,18,198.8523584000068,249.0137702000065,18.0
de,n,"['Donner', 'langsam', 'kalt', 'leise', 'rennen']","['hinundher', 'bedächtigkeit', 'kälte', 'stille', 'schnell']","['rennen', 'kalt', 'Donner', 'langsam', 'leise']",gesture,1,19,279.14221000000543,376.7286197000067,19.0
de,n,"['langsam', 'Donner', 'rennen', 'leise', 'kalt']","['Ruhig', 'laut', 'rennen', 'Ruhig', 'kalt']","['langsam', 'kalt', 'leise', 'rennen', 'Donner']",gesture,1,20,241.4932415000076,307.478998000006,20.0
de,n,"['Donner', 'langsam', 'leise', 'rennen', 'kalt']","['Achso', 'Schlittschuhlaufen', 'leise', 'rennen', 'kalt']","['rennen', 'langsam', 'leise', 'Donner', 'kalt']",gesture,2,1,226.83691319999343,321.44736559999,21.0
de,n,"['langsam', 'Donner', 'leise', 'kalt', 'rennen']","['laufen', 'Überraschung', 'leise', 'kalt', 'schnell']","['rennen', 'Donner', 'kalt', 'langsam', 'leise']",gesture,2,2,215.4928552999918,309.4632400999981,22.0
de,n,"['leise', 'Donner', 'langsam', 'kalt', 'rennen']","['leise', 'Gefahr', 'gehen', 'kalt', 'schnell']","['rennen', 'kalt', 'langsam', 'Donner', 'leise']",gesture,2,3,194.02037759999803,253.74985940000624,23.0
de,n,"['rennen', 'langsam', 'Donner', 'leise', 'kalt']","['rennen', 'schwimmen', 'nein', 'leise', 'kalt']","['Donner', 'rennen', 'leise', 'langsam', 'kalt']",gesture,2,4,147.3154738999874,227.74922949999743,24.0
en,n,"['slow', 'cold', 'thunderstorm', 'silent', 'to run']","['skating', 'freezing', 'defending', 'quiet', 'fast']","['thunderstorm', 'slow', 'cold', 'to run', 'silent']",gesture,2,5,339.5913922000036,450.5701510999934,25.0
de,n,"['leise', 'kalt', 'Donner', 'rennen', 'langsam']","['Nase', 'kalt', 'Hoch', 'rennen', 'langsam']","['kalt', 'rennen', 'leise', 'Donner', 'langsam']",gesture,2,6,251.41355369999656,324.75943899998674,26.0
de,y,"['Donner', 'rennen', 'langsam', 'kalt', 'leise']","['Kraft', 'rennen', 'gehen', 'kalt', 'Stille']","['kalt', 'rennen', 'langsam', 'Donner', 'leise']",gesture,2,7,244.2135347000003,345.92784079999547,27.0
de,n,"['rennen', 'langsam', 'Donner', 'kalt', 'leise']","['joggen', 'tanzen', 'abwehren', 'kalt', 'leise']","['leise', 'kalt', 'langsam', 'rennen', 'Donner']",gesture,2,8,279.68620199999714,375.1925978000072,28.0
de,n,"['kalt', 'rennen', 'Donner', 'leise', 'langsam']","['kalt', 'schnell', 'geschafft', 'leise', 'ahnungslos']","['rennen', 'langsam', 'kalt', 'leise', 'Donner']",gesture,2,9,247.3175571000029,317.23930400000245,29.0
de,n,"['Donner', 'langsam', 'rennen', 'kalt', 'leise']","['ängstlich', 'schleichen', 'rennen', 'frieren', 'leise']","['langsam', 'rennen', 'Donner', 'leise', 'kalt']",gesture,2,10,207.25258509999549,289.2706480000052,30.0
de,n,"['Donner', 'rennen', 'leise', 'kalt', 'langsam']","['Achtung', 'rennen', 'leise', 'kalt', 'Mücke']","['langsam', 'rennen', 'Donner', 'kalt', 'leise']",gesture,2,11,217.3968466999941,290.2147404999996,31.0
de,n,"['rennen', 'kalt', 'leise', 'langsam', 'Donner']","['laufen', 'kalt', 'leise', 'Vorsichtig', 'Lärm']","['Donner', 'langsam', 'rennen', 'kalt', 'leise']",gesture,2,12,245.41400570000403,302.5031680999964,32.0
de,n,"['rennen', 'leise', 'kalt', 'langsam', 'Donner']","['losrennen', 'schweigen', 'lshiftkälte', 'Vorsicht', 'Kopfschmerzen']","['kalt', 'Donner', 'leise', 'rennen', 'langsam']",gesture,2,13,238.2294125000044,306.9352005999972,33.0
de,y,"['rennen', 'leise', 'kalt', 'langsam', 'Donner']","['laufen', 'Stille', 'kalt', 'schleichen', 'denken']","['kalt', 'leise', 'langsam', 'Donner', 'rennen']",gesture,2,14,177.45992799999658,245.333790299992,34.0
de,y,"['rennen', 'kalt', 'langsam', 'leise', 'Donner']","['gehen', 'kalt', 'tragen', 'leise', 'nein']","['leise', 'kalt', 'langsam', 'rennen', 'Donner']",gesture,2,15,240.8534987000021,310.7433614000038,35.0
de,y,"['leise', 'kalt', 'rennen', 'Donner', 'langsam']","['denken', 'kalt', 'rennen', 'Regen', 'langsam']","['Donner', 'rennen', 'kalt', 'leise', 'langsam']",gesture,2,16,191.46044209999675,254.87003910000203,36.0
de,n,"['langsam', 'leise', 'kalt', 'rennen', 'Donner']","['Roboter', 'leise', 'kalt', 'schnell', 'Regen']","['langsam', 'rennen', 'leise', 'kalt', 'Donner']",gesture,2,17,199.20441170000413,309.07917690000613,37.0
de,y,"['kalt', 'langsam', 'leise', 'rennen', 'Donner']","['kalt', 'wütend', 'leise', 'schnell', 'Donner']","['langsam', 'kalt', 'rennen', 'Donner', 'leise']",gesture,2,18,323.25557280000066,440.7785442000022,38.0
de,n,"['langsam', 'rennen', 'kalt', 'Donner', 'leise']","['anschleichen', 'schnell', 'frieren', 'Knall', 'leise']","['rennen', 'kalt', 'Donner', 'leise', 'langsam']",gesture,2,19,271.1419557999907,382.20085769999423,39.0
de,n,"['rennen', 'kalt', 'langsam', 'leise', 'Donner']","['rennen', 'frieren', 'langsam', 'leise', 'Gewitter']","['leise', 'Donner', 'rennen', 'langsam', 'kalt']",gesture,2,20,206.82055990000663,274.72643609999795,40.0
en,n,"['slow', 'cold', 'thunderstorm', 'silent', 'to run']","['skiing', 'cold', 'showing', 'quiet', 'fast']","['silent', 'cold', 'to run', 'slow', 'thunderstorm']",gesture,3,1,176.37205909998738,242.629912599994,41.0
de,n,"['leise', 'Donner', 'kalt', 'rennen', 'langsam']","['leise', 'explodieren', 'frieren', 'laufen', 'langsam']","['kalt', 'Donner', 'rennen', 'langsam', 'leise']",gesture,3,2,211.7807811000093,280.0386979000032,42.0
en,n,"['thunderstorm', 'silent', 'slow', 'cold', 'to run']","['explosion', 'quiet', 'walking', 'cold', 'fast']","['to run', 'slow', 'silent', 'thunderstorm', 'cold']",gesture,3,3,214.72486830000707,283.6547969999956,43.0
de,n,"['leise', 'Donner', 'kalt', 'rennen', 'langsam']","['Stille', 'Bombe', 'kalt', 'rennen', 'laufen']","['leise', 'langsam', 'Donner', 'kalt', 'rennen']",gesture,3,4,231.01314229999844,331.2716220000002,44.0
en,n,"['to run', 'thunderstorm', 'slow', 'silent', 'cold']","['walking', 'rainy', 'slowmotion', 'shhhh', 'cold']","['to run', 'slow', 'cold', 'silent', 'thunderstorm']",gesture,3,5,248.74158070000703,345.01623900000413,45.0
de,n,"['rennen', 'langsam', 'kalt', 'Donner', 'leise']","['laufen', 'wandern', 'frieren', 'sammeln', 'sTILLE']","['leise', 'kalt', 'rennen', 'Donner', 'langsam']",gesture,3,6,267.0141836999974,356.4727808000025,46.0
de,n,"['kalt', 'langsam', 'rennen', 'leise', 'Donner']","['kält', 'langsam', 'schnell', 'still', 'viel']","['kalt', 'rennen', 'leise', 'langsam', 'Donner']",gesture,3,7,245.6536913000018,320.95160689999466,47.0
en,n,"['thunderstorm', 'cold', 'to run', 'slow', 'silent']","['fear', 'cold', 'run', 'hiding', 'silence']","['to run', 'slow', 'silent', 'cold', 'thunderstorm']",gesture,3,8,244.3896381999948,341.3520620000054,48.0
de,n,"['rennen', 'leise', 'kalt', 'Donner', 'langsam']","['rennen', 'Stille', 'kalt', 'Gewitter', 'schleichen']","['rennen', 'kalt', 'langsam', 'leise', 'Donner']",gesture,3,9,230.7895248999993,305.76721179999004,49.0
de,n,"['rennen', 'Donner', 'langsam', 'leise', 'kalt']","['gehen', 'Balwerfen', 'gehen', 'Ruhe', 'kalt']","['leise', 'Donner', 'rennen', 'langsam', 'kalt']",gesture,3,10,260.4698936999921,325.1116219999967,50.0
de,n,"['rennen', 'Donner', 'kalt', 'leise', 'langsam']","['beeilung', 'Explosion', 'källte', 'leise', 'gross']","['langsam', 'kalt', 'leise', 'Donner', 'rennen']",gesture,3,11,201.3804717000021,260.1021286000032,51.0
de,n,"['Donner', 'kalt', 'leise', 'rennen', 'langsam']","['Windstoss', 'källte', 'Stille', 'laufen', 'Abstand']","['Donner', 'leise', 'kalt', 'rennen', 'langsam']",gesture,3,12,220.19694979999625,287.1907053000032,52.0
de,n,"['Donner', 'leise', 'langsam', 'rennen', 'kalt']","['kotzen', 'Ruhe', 'Abwarten', 'rennen', 'frieren']","['Donner', 'rennen', 'langsam', 'leise', 'kalt']",gesture,3,13,187.0120911999984,236.13348720000067,53.0
de,n,"['langsam', 'Donner', 'rennen', 'kalt', 'leise']","['Ruhe', 'Riesig', 'laufen', 'frieren', 'Ruhe']","['Donner', 'leise', 'kalt', 'rennen', 'langsam']",gesture,3,14,198.78851790000044,244.90195949999907,54.0
de,n,"['kalt', 'Donner', 'langsam', 'rennen', 'leise']","['kalt', 'Explosion', 'Ruhe', 'rennen', 'leise']","['kalt', 'leise', 'langsam', 'rennen', 'Donner']",gesture,3,15,143.2351587000012,199.5568850999989,55.0
de,n,"['kalt', 'Donner', 'langsam', 'leise', 'rennen']","['frieren', 'explodieren', 'Ruhe', 'Stille', 'laufen']","['kalt', 'langsam', 'Donner', 'rennen', 'leise']",gesture,3,16,200.8845347000024,275.43044560001,56.0
de,n,"['rennen', 'Donner', 'leise', 'langsam', 'kalt']","['rennen', 'schwimmen', 'schweigen', 'waten', 'kalt']","['langsam', 'Donner', 'kalt', 'leise', 'rennen']",gesture,3,17,236.78939150000224,297.38307460000215,57.0
de,n,"['rennen', 'langsam', 'kalt', 'leise', 'Donner']","['rennen', 'schleichen', 'frieren', 'leise', 'gross']","['langsam', 'Donner', 'kalt', 'rennen', 'leise']",gesture,3,18,183.9721228999988,257.25408840000455,58.0
de,n,"['rennen', 'Donner', 'kalt', 'leise', 'langsam']","['laufen', 'gross', 'kalt', 'leise', 'Zeitlupe']","['langsam', 'Donner', 'rennen', 'kalt', 'leise']",gesture,3,19,177.7960549999989,262.58218480000505,59.0
de,n,"['rennen', 'kalt', 'Donner', 'leise', 'langsam']","['rennen', 'frieren', 'Sonne', 'Stille', 'langsam']","['rennen', 'leise', 'kalt', 'langsam', 'Donner']",gesture,3,20,213.364685499997,297.67088919998787,60
