participantID,Age,Gender,NumOfNativeLanguages,TotalLanguages,Extroversion,fileID,chainID,generation_number,chain_number,gesture,gesture_chain,total_gesture_space2D,total_body_entropy2D,total_body_variability2D,X_embeddings,Y_embeddings,total_distance,diff_in_gesture_space,diff_in_entropy,diff_in_variability,diff_in_age,diff_in_extrovet
52,21.0,Man / Männlich,1.0,3.0,53.0,rennen_g_ch3_g12_compr.mp4,ch3g12,13.0,3.0,rennen,rennen_g_ch3,0.5979403033902556,14.91593603487763,807.4593259117787,4.6767282,-0.19168799,785.9749227733956,0.2504847442474503,0.6148425560615145,627.1345999235733,0.0,7.0
23,35.0,Woman / Weiblich,1.0,4.0,43.0,Donner_g_ch2_g3_compr.mp4,ch2g3,4.0,2.0,Donner,Donner_g_ch2,1.6492303632373662,13.841585398615273,2385.2289552884586,1.8528262,3.0405746,957.6898958503416,0.3959580106729417,1.4476471483815168,518.529104365406,24.0,26.0
0,,,,,,kalt_g_ch1_g0_compr.mp4,ch1g0,1.0,1.0,kalt,kalt_g_ch1,0.717716384748937,4.374678756241211,633.3384386243793,9.861269,9.1424885,,,,,,
16,27.0,Man / Männlich,1.0,2.0,30.0,Donner_g_ch1_g16_compr.mp4,ch1g16,17.0,1.0,Donner,Donner_g_ch1,0.99259183435611,15.815993875498494,991.9963160891136,3.3990397,1.5089465,288.8802741341202,0.11896517244428706,10.446885910327563,104.80374295716251,17.0,40.0
30,45.0,Woman / Weiblich,1.0,2.0,51.0,kalt_g_ch2_g10_compr.mp4,ch2g10,11.0,2.0,kalt,kalt_g_ch2,0.8802719792848084,13.263807752261926,1648.7215656609917,2.593917,1.5526048,1319.2568989275685,0.1963658900675994,10.500306122827551,451.2784343390042,24.0,6.0
0,,,,,,rennen_g_ch1_g0_compr.mp4,ch1g0,1.0,1.0,rennen,rennen_g_ch1,0.4739411914509303,16.841182994572783,222.52979300333163,3.5265749,0.19679323,,,,,,
37,52.0,Woman / Weiblich,2.0,3.0,74.0,leise_g_ch2_g17_compr.mp4,ch2g17,18.0,2.0,leise,leise_g_ch2,0.2387773443073045,0.6641039504450534,2441.6666666666692,11.752448,7.2751923,3453.0388898483675,0.2230907668659762,0.4060055420341526,2441.6666666666692,37.0,29.0
26,,Woman / Weiblich,,,,kalt_g_ch2_g6_compr.mp4,ch2g6,7.0,2.0,kalt,kalt_g_ch2,0.2785176713232893,4.716018604553135,550.2219907599651,10.485122,8.973815,674.8781195421658,0.4083525677314057,2.058974694031672,550.2219907599651,,
5,59.0,Man / Männlich,1.0,2.0,66.0,Donner_g_ch1_g5_compr.mp4,ch1g5,6.0,1.0,Donner,Donner_g_ch1,1.8229811918265315,14.93051304704068,2093.2363119140796,1.7656714,3.6560364,1544.3503314724346,0.11890417031690959,1.742583064910093,1260.8902233396075,1.0,20.0
26,,Woman / Weiblich,,,,rennen_g_ch2_g6_compr.mp4,ch2g6,7.0,2.0,rennen,rennen_g_ch2,0.431923749226786,16.494775195770963,221.46280551210452,5.1577697,-0.36474895,206.9768253035347,0.056085254873838974,0.16494827625846398,168.8884540433586,,
34,14.0,Man / Männlich,3.0,5.0,61.0,kalt_g_ch2_g14_compr.mp4,ch2g14,15.0,2.0,kalt,kalt_g_ch2,0.7398041428811534,13.380607886609084,477.46073136960615,4.329029,0.69882756,1021.826088943516,0.2795621695293379,0.1040784098231029,722.5392686303925,41.0,19.0
4,60.0,Woman / Weiblich,1.0,3.0,86.0,rennen_g_ch1_g4_compr.mp4,ch1g4,5.0,1.0,rennen,rennen_g_ch1,0.6904733177009612,16.03062694021855,181.77859600580223,4.4128137,0.20108876,18.523737010811917,0.07104163411514053,0.6714570928042782,12.013267955883805,28.0,26.0
12,25.0,Man / Männlich,1.0,4.0,55.0,Donner_g_ch1_g12_compr.mp4,ch1g12,13.0,1.0,Donner,Donner_g_ch1,1.444260821153572,14.603267066141385,2084.063104411826,1.9155365,3.191297,1298.9885744990063,0.11788240848628484,9.421941265425374,1060.4164434549803,0.0,21.0
4,60.0,Woman / Weiblich,1.0,3.0,86.0,kalt_g_ch1_g4_compr.mp4,ch1g4,5.0,1.0,kalt,kalt_g_ch1,0.8586623719623838,14.458919896249446,1415.424246049959,3.2439332,1.580875,287.9594090548004,0.2792039081751164,10.657677429041739,152.44487558603078,28.0,26.0
27,13.0,Woman / Weiblich,2.0,5.0,73.0,Donner_g_ch2_g7_compr.mp4,ch2g7,8.0,2.0,Donner,Donner_g_ch2,1.3581600220980727,15.591692205743318,1457.9351926468837,1.5645913,1.979152,611.8555627457704,0.09300872000812954,0.2577039530287717,499.3161111601496,,
56,21.0,Man / Männlich,2.0,2.0,80.0,rennen_g_ch3_g16_compr.mp4,ch3g16,17.0,3.0,rennen,rennen_g_ch3,0.5710685503017627,13.311165576998055,205.22035548230903,4.035898,-0.5101408,634.8516641277199,0.10867437144298825,3.4683950427899806,498.6719020191765,1.0,50.0
22,59.0,Woman / Weiblich,1.0,3.0,69.0,rennen_g_ch2_g2_compr.mp4,ch2g2,3.0,2.0,rennen,rennen_g_ch2,0.3422149107267246,14.45289833325434,651.1839312825491,3.8759358,-0.18335672,415.31930209315834,0.11120590958705792,2.473526690167537,331.3796994257879,37.0,19.0
1,26.0,Woman / Weiblich,1.0,3.0,40.0,Donner_g_ch1_g1_compr.mp4,ch1g1,2.0,1.0,Donner,Donner_g_ch1,1.0330680436436337,4.8004456953491506,508.3333333333343,9.748269,10.853933,475.1692599644002,0.3291754172667094,11.409674729383465,148.74716671016347,,
22,59.0,Woman / Weiblich,1.0,3.0,69.0,kalt_g_ch2_g2_compr.mp4,ch2g2,3.0,2.0,kalt,kalt_g_ch2,0.7553755651179971,13.733395639860817,3936.650246029667,2.9395993,2.3586476,681.9136643302498,0.1700352327460053,0.29957107026495144,320.7619209720415,37.0,19.0
33,55.0,Man / Männlich,1.0,2.0,80.0,leise_g_ch2_g13_compr.mp4,ch2g13,14.0,2.0,leise,leise_g_ch2,0.5572636839351472,12.847840264345011,920.84904461207,4.630486,1.0739347,1302.3605796966126,0.13834628156472034,11.511012169411636,920.84904461207,31.0,39.0
38,9.0,Woman / Weiblich,1.0,2.0,48.0,Donner_g_ch2_g18_compr.mp4,ch2g18,19.0,2.0,Donner,Donner_g_ch2,1.7715415758211692,15.161828892463287,1035.9405076716391,0.834237,1.278129,506.61193243165894,0.30261081314829474,0.08075025782981626,307.9291417722195,43.0,26.0
58,28.0,Man / Männlich,1.0,2.0,60.0,langsam_g_ch3_g18_compr.mp4,ch3g18,19.0,3.0,langsam,langsam_g_ch3,0.73724305589886,16.37766584196873,886.5796615405281,2.5729115,0.552905,563.3368270271253,0.05926395786697847,0.640824990336883,452.8756210644797,22.0,30.0
20,,,,,,leise_g_ch1_g20_compr.mp4,ch1g20,21.0,1.0,leise,leise_g_ch1,0.1760033229053797,0.9737192586096516,2452.6629518862924,11.828477,7.3857293,1610.9847779813815,0.1570255061934512,0.09430297629775952,1139.1382196401833,,
53,32.0,Woman / Weiblich,1.0,3.0,50.0,kalt_g_ch3_g13_compr.mp4,ch3g13,14.0,3.0,kalt,kalt_g_ch3,0.8686045357069574,3.5606692847434296,2322.161523573661,11.326347,10.227859,1960.0477304167705,0.25981579909064423,1.6427451345256583,1600.2538724809683,11.0,3.0
45,43.0,Woman / Weiblich,1.0,4.0,50.0,leise_g_ch3_g5_compr.mp4,ch3g5,6.0,3.0,leise,leise_g_ch3,0.4926345440037805,0.6761035344701588,2418.7156065121044,11.780265,7.1904726,3075.8238181531156,0.2025024383571296,1.9890985292427645,2174.934832569724,15.0,4.0
15,44.0,Woman / Weiblich,1.0,5.0,70.0,langsam_g_ch1_g15_compr.mp4,ch1g15,16.0,1.0,langsam,langsam_g_ch1,0.8278048746924972,15.081157380129625,1318.864651323824,1.4519004,-0.22646165,331.949425988448,0.009248304279156239,1.3284056406745322,235.0178443361492,33.0,30.0
31,36.0,Woman / Weiblich,1.0,5.0,12.0,rennen_g_ch2_g11_compr.mp4,ch2g11,12.0,2.0,rennen,rennen_g_ch2,0.5923829005981677,16.258385506906325,253.00114181895464,4.4747376,0.18574265,352.7269427408507,0.05232714904261759,0.17893012462963753,284.5560856710982,9.0,39.0
2,24.0,Prefer not to say / Keine Angabe,1.0,7.0,17.0,langsam_g_ch1_g2_compr.mp4,ch1g2,3.0,1.0,langsam,langsam_g_ch1,0.5211240596888447,15.889678999015842,409.6203051406727,4.9736247,-0.1637705,97.05756985557636,0.08469109250566376,0.1543278469155993,35.9969034586951,2.0,23.0
19,57.0,Woman / Weiblich,1.0,2.0,39.0,leise_g_ch1_g19_compr.mp4,ch1g19,20.0,1.0,leise,leise_g_ch1,0.3330288290988309,1.068022234907411,1313.5247322461091,11.604963,7.076543,1857.605772220578,0.17234303680231555,0.62143848252431,1313.5247322461091,38.0,25.0
24,66.0,Woman / Weiblich,1.0,5.0,60.0,langsam_g_ch2_g4_compr.mp4,ch2g4,5.0,2.0,langsam,langsam_g_ch2,0.6101919244775156,15.213210639924556,2690.919495516822,1.3208584,-0.20583533,2915.8612364251244,0.6471237059302732,0.04273574948587999,2244.739167087444,31.0,17.0
54,26.0,Non-binary / Nicht-binär,1.0,2.0,70.0,leise_g_ch3_g14_compr.mp4,ch3g14,15.0,3.0,leise,leise_g_ch3,0.4821933834387193,11.069851592210275,0.0,4.8729095,0.93933356,1155.022912357383,0.050052211915945,9.242501177879518,816.6666666666683,6.0,20.0
6,24.0,Woman / Weiblich,1.0,3.0,71.0,langsam_g_ch1_g6_compr.mp4,ch1g6,7.0,1.0,langsam,langsam_g_ch1,0.6996086688957369,16.19830286477429,1274.6517707617522,2.7815835,0.1033811,661.6486229309699,0.29591555398650304,0.3190028974541903,527.8877612061306,35.0,5.0
11,25.0,Woman / Weiblich,1.0,4.0,76.0,langsam_g_ch1_g11_compr.mp4,ch1g11,12.0,1.0,langsam,langsam_g_ch1,0.2417254450011217,10.232490763393953,0.0,4.673726,1.4237504,1229.2448844426096,0.5504583203691419,5.010508524544852,988.6393832694628,0.0,6.0
35,15.0,Man / Männlich,2.0,4.0,43.0,rennen_g_ch2_g15_compr.mp4,ch2g15,16.0,2.0,rennen,rennen_g_ch2,1.3332030775950603,15.190964789362129,920.4178268419696,0.5891789,0.8003436,799.9767837994377,0.0712718194252262,1.35753259268221,652.6218631550125,1.0,18.0
41,29.0,Woman / Weiblich,1.0,3.0,50.0,leise_g_ch3_g1_compr.mp4,ch3g1,2.0,3.0,leise,leise_g_ch3,0.4681719869257685,1.8453515633928943,750.0000000000009,11.679279,6.6227965,4.834849819800819,0.1541060469166723,0.3659552580051,3.387278734445772,,
57,50.0,Woman / Weiblich,1.0,2.0,30.0,kalt_g_ch3_g17_compr.mp4,ch3g17,18.0,3.0,kalt,kalt_g_ch3,0.7986542803771879,12.273508196582211,3221.5840872221397,2.8829675,2.2914717,679.0592107593907,0.033593899515918846,2.0097863327561623,438.25075388881123,29.0,50.0
49,50.0,Man / Männlich,1.0,3.0,80.0,langsam_g_ch3_g9_compr.mp4,ch3g9,10.0,3.0,langsam,langsam_g_ch3,1.251284402989284,15.323246716520073,1180.4326812692766,0.6165032,0.45425922,359.1376612805764,0.22938727950818438,0.12182494903298391,293.09858052377376,22.0,52.0
50,62.0,Man / Männlich,1.0,2.0,75.0,leise_g_ch3_g10_compr.mp4,ch3g10,11.0,3.0,leise,leise_g_ch3,0.3802900209226335,0.7600353848400713,0.0,10.094713,6.160989,4249.405568344151,0.6846279749959792,1.3277303948393189,3464.202159269011,12.0,5.0
28,80.0,Woman / Weiblich,1.0,1.0,80.0,leise_g_ch2_g8_compr.mp4,ch2g8,9.0,2.0,leise,leise_g_ch2,0.1948531373639052,1.61055836073059,0.0,10.483068,6.568428,14.02091059599034,0.4805129167633325,10.331644202064137,0.0,67.0,7.0
1,26.0,Woman / Weiblich,1.0,3.0,40.0,langsam_g_ch1_g1_compr.mp4,ch1g1,2.0,1.0,langsam,langsam_g_ch1,0.4364329671831809,16.04400684593144,373.6234016819776,5.1043158,-0.4460262,216.58819267754163,0.3352056821207158,0.6996319061362186,105.5442986347278,,
32,24.0,Woman / Weiblich,1.0,4.0,41.0,rennen_g_ch2_g12_compr.mp4,ch2g12,13.0,2.0,rennen,rennen_g_ch2,0.5067672740046956,15.696808001293393,223.0297923648341,2.098708,-0.7906886,67.29643042567122,0.0856156265934721,0.5615775056129326,29.971349454120542,12.0,29.0
16,27.0,Man / Männlich,1.0,2.0,30.0,langsam_g_ch1_g16_compr.mp4,ch1g16,17.0,1.0,langsam,langsam_g_ch1,0.788845875511428,16.173165943995965,1603.3988412009976,1.5566503,0.03579917,354.353596957892,0.038958999181069154,1.0920085638663402,284.5341898771735,17.0,40.0
46,26.0,Woman / Weiblich,1.0,3.0,75.0,leise_g_ch3_g6_compr.mp4,ch3g6,7.0,3.0,leise,leise_g_ch3,1.0655721883761704,2.6947287313054904,2096.5979813466606,11.185187,10.361671,1803.5188170764184,0.5729376443723899,2.0186251968353317,322.11762516544377,17.0,25.0
50,62.0,Man / Männlich,1.0,2.0,75.0,kalt_g_ch3_g10_compr.mp4,ch3g10,11.0,3.0,kalt,kalt_g_ch3,0.9799670971983874,3.691068970683549,1578.7749254826572,10.891521,10.152228,1933.7840994697265,0.20970859507248107,1.5334380662367373,1578.7749254826572,12.0,5.0
9,58.0,Woman / Weiblich,1.0,1.0,50.0,leise_g_ch1_g9_compr.mp4,ch1g9,10.0,1.0,leise,leise_g_ch1,0.4706665665639193,1.1087779381404268,1958.333333333328,11.018012,9.083275,2554.110086368799,0.0898065913975033,0.29609576465324183,358.33333333333235,34.0,4.0
57,50.0,Woman / Weiblich,1.0,2.0,30.0,leise_g_ch3_g17_compr.mp4,ch3g17,18.0,3.0,leise,leise_g_ch3,0.5556199111090946,1.303177070047934,0.0,10.384756,5.507821,4796.552899709667,0.2250992104743726,9.21875923871495,3391.666666666687,29.0,50.0
27,13.0,Woman / Weiblich,2.0,5.0,73.0,langsam_g_ch2_g7_compr.mp4,ch2g7,8.0,2.0,langsam,langsam_g_ch2,1.2132170665845683,16.2034519141532,1816.4509413390867,1.6950315,1.7992628,1174.4266788788889,0.7313642553404376,0.141915892062908,958.7124783338268,,
54,26.0,Non-binary / Nicht-binär,1.0,2.0,70.0,kalt_g_ch3_g14_compr.mp4,ch3g14,15.0,3.0,kalt,kalt_g_ch3,0.9788278332395054,2.6611584020811514,2574.9999999999964,11.321815,10.31385,318.08819918982044,0.110223297532548,0.8995108826622782,252.83847642633555,6.0,20.0
42,35.0,Man / Männlich,2.0,4.0,30.0,leise_g_ch3_g2_compr.mp4,ch3g2,3.0,3.0,leise,leise_g_ch3,0.5146494158049024,2.1657830515014003,0.0,10.549087,5.5132704,1060.6614521025022,0.04647742887913392,0.32043148810850597,750.0000000000009,6.0,20.0
36,15.0,Man / Männlich,1.0,3.0,45.0,rennen_g_ch2_g16_compr.mp4,ch2g16,17.0,2.0,rennen,rennen_g_ch2,1.210446305391077,14.564396032789071,410.745472062765,0.57970154,0.82530385,633.407552776049,0.12275677220398329,0.6265687565730573,509.6723547792046,0.0,2.0
12,25.0,Man / Männlich,1.0,4.0,55.0,langsam_g_ch1_g12_compr.mp4,ch1g12,13.0,1.0,langsam,langsam_g_ch1,0.5191652834674738,15.78498392398788,772.6455995563415,1.7563902,-0.71241367,946.6927147255316,0.2774398384663521,5.552493160593928,772.6455995563415,0.0,21.0
5,59.0,Man / Männlich,1.0,2.0,66.0,langsam_g_ch1_g5_compr.mp4,ch1g5,6.0,1.0,langsam,langsam_g_ch1,0.99552422288224,16.51730576222848,1802.5395319678828,2.748673,1.5502234,725.5724800394661,0.15461979798024716,0.9945521292692501,592.4021384586583,1.0,20.0
19,57.0,Woman / Weiblich,1.0,2.0,39.0,kalt_g_ch1_g19_compr.mp4,ch1g19,20.0,1.0,kalt,kalt_g_ch1,0.8467918770172608,4.122301383273721,1343.5520587257436,10.835913,9.871689,932.8279177417684,0.13901663801915487,0.3930042412375423,593.5520587257423,38.0,25.0
23,35.0,Woman / Weiblich,1.0,4.0,43.0,langsam_g_ch2_g3_compr.mp4,ch2g3,4.0,2.0,langsam,langsam_g_ch2,1.2573156304077888,15.170474890438676,446.18032842937765,1.5734748,0.33522248,498.6584331518463,0.32304672906565,0.1507983356241116,404.92653766359655,24.0,26.0
53,32.0,Woman / Weiblich,1.0,3.0,50.0,leise_g_ch3_g13_compr.mp4,ch3g13,14.0,3.0,leise,leise_g_ch3,0.4321411715227743,1.8273504143307575,816.6666666666683,11.686953,6.665409,1154.9424213093566,0.02945801808963966,0.43993811010952544,816.6666666666683,11.0,3.0
20,,,,,,kalt_g_ch1_g20_compr.mp4,ch1g20,21.0,1.0,kalt,kalt_g_ch1,0.7348127922040295,2.220224661775946,261.5244954653289,9.680805,8.57514,1331.6400327404374,0.11197908481323127,1.9020767214977754,1082.0275632604146,,
58,28.0,Man / Männlich,1.0,2.0,60.0,Donner_g_ch3_g18_compr.mp4,ch3g18,19.0,3.0,Donner,Donner_g_ch3,2.3184613619846632,4.976519767368795,2460.577120238952,9.573329,12.125172,2374.847623023048,0.39073591918282324,9.888844665993982,1938.0183904412377,22.0,30.0
33,55.0,Man / Männlich,1.0,2.0,80.0,kalt_g_ch2_g13_compr.mp4,ch2g13,14.0,2.0,kalt,kalt_g_ch2,1.0193663124104912,13.484686296432187,1199.9999999999986,3.2307718,1.5781713,1697.057344635197,0.27470995281054456,0.60572626903304,1199.9999999999986,31.0,39.0
3,32.0,Woman / Weiblich,1.0,3.0,60.0,rennen_g_ch1_g3_compr.mp4,ch1g3,4.0,1.0,rennen,rennen_g_ch1,0.6194316835858207,16.702084033022828,193.79186396168603,4.617815,0.20773435,208.1058221057337,0.2614863840211888,0.15323046472354207,163.52243637102396,8.0,43.0
38,9.0,Woman / Weiblich,1.0,2.0,48.0,langsam_g_ch2_g18_compr.mp4,ch2g18,19.0,2.0,langsam,langsam_g_ch2,1.262456493495152,15.250789066332151,1586.7991014486431,0.9341783,1.0293164,294.8657321917441,0.26729209039889146,0.6370607578643845,189.5846810618009,43.0,26.0
3,32.0,Woman / Weiblich,1.0,3.0,60.0,kalt_g_ch1_g3_compr.mp4,ch1g3,4.0,1.0,kalt,kalt_g_ch1,0.5794584637872674,3.801242467207707,1567.8691216359898,10.988106,9.38346,1421.6575089055218,0.33407130885033265,0.6702505109502823,1154.903132142124,8.0,43.0
15,44.0,Woman / Weiblich,1.0,5.0,70.0,Donner_g_ch1_g15_compr.mp4,ch1g15,16.0,1.0,Donner,Donner_g_ch1,1.111557006800397,5.369107965170931,887.1925731319511,10.005874,11.151352,289.53308066601676,0.027092503850544958,0.03337533646873947,39.14879639894184,33.0,30.0
51,21.0,Man / Männlich,1.0,2.0,60.0,rennen_g_ch3_g11_compr.mp4,ch3g11,12.0,3.0,rennen,rennen_g_ch3,0.3474555591428053,15.530778590939144,180.3247259882054,4.726159,-0.6104336,158.29062157505825,0.0965682890128059,0.9790924643699466,50.94974523278344,41.0,15.0
25,33.0,Man / Männlich,1.0,2.0,80.0,rennen_g_ch2_g5_compr.mp4,ch2g5,6.0,2.0,rennen,rennen_g_ch2,0.488009004100625,16.659723472029427,52.57435146874592,3.9740078,-0.4630655,1944.2747611473717,0.15949723805048627,1.9103693005775924,1502.9132158601558,33.0,20.0
49,50.0,Man / Männlich,1.0,3.0,80.0,Donner_g_ch3_g9_compr.mp4,ch3g9,10.0,3.0,Donner,Donner_g_ch3,1.325738274429613,14.462414239513665,1566.666666666645,2.055948,3.0276065,1012.4933591142172,0.019377887707111796,0.6161621862360835,799.8568947578913,22.0,52.0
6,24.0,Woman / Weiblich,1.0,3.0,71.0,Donner_g_ch1_g6_compr.mp4,ch1g6,7.0,1.0,Donner,Donner_g_ch1,1.11255560740409,4.805406057794335,1240.0621318459794,10.114949,11.071441,1083.1719310756698,0.7104255844224414,10.125106989246344,853.1741800681002,35.0,5.0
25,33.0,Man / Männlich,1.0,2.0,80.0,kalt_g_ch2_g5_compr.mp4,ch2g5,6.0,2.0,kalt,kalt_g_ch2,0.686870239054695,2.6570439105214625,0.0,9.6523,8.494334,2486.65965666056,0.17832968660675097,0.5285898079591558,1758.3333333333262,33.0,20.0
34,14.0,Man / Männlich,3.0,5.0,61.0,leise_g_ch2_g14_compr.mp4,ch2g14,15.0,2.0,leise,leise_g_ch2,0.4963846724711754,12.377744346492085,0.0,4.692256,1.1369413,1302.2774233790187,0.060879011463971844,0.4700959178529267,920.84904461207,41.0,19.0
55,20.0,Woman / Weiblich,2.0,4.0,30.0,rennen_g_ch3_g15_compr.mp4,ch3g15,16.0,3.0,rennen,rennen_g_ch3,0.4623941788587745,16.779560619788036,703.8922575014856,4.717112,-0.7346738,505.2675288892924,0.030310778328328625,0.1064106602215773,239.33936804052786,6.0,40.0
24,66.0,Woman / Weiblich,1.0,5.0,60.0,Donner_g_ch2_g4_compr.mp4,ch2g4,5.0,2.0,Donner,Donner_g_ch2,1.230460346944986,14.283792532672049,2367.750469105791,2.1030803,2.7708988,1920.518946240593,0.4187700162923802,0.44220713405677614,17.47848618266744,31.0,17.0
11,25.0,Woman / Weiblich,1.0,4.0,76.0,Donner_g_ch1_g11_compr.mp4,ch1g11,12.0,1.0,Donner,Donner_g_ch1,1.5621432296398567,5.181325800716009,1023.6466609568456,9.803202,11.863639,774.8993467046168,0.012036699896986747,7.750058962521062,632.5064292413006,0.0,6.0
7,50.0,Woman / Weiblich,1.0,2.0,40.0,kalt_g_ch1_g7_compr.mp4,ch1g7,8.0,1.0,kalt,kalt_g_ch1,0.5280319078185776,3.6495855950024065,1635.2462708614112,10.947596,9.40543,1096.8841246630402,0.35214687745096973,1.5213596745181626,747.4846395740433,26.0,31.0
48,28.0,Woman / Weiblich,1.0,1.0,28.0,rennen_g_ch3_g8_compr.mp4,ch3g8,9.0,3.0,rennen,rennen_g_ch3,0.5627431819213906,16.57045790922618,560.3162376865421,3.4897797,-0.5536223,364.81973344959374,0.2152491632147252,1.311544752653365,278.9407440251605,5.0,34.0
18,19.0,Woman / Weiblich,1.0,2.0,64.0,rennen_g_ch1_g18_compr.mp4,ch1g18,19.0,1.0,rennen,rennen_g_ch1,0.5071295713940361,16.463350799148564,703.6787049746763,5.122492,-0.19543652,,,,,,
48,28.0,Woman / Weiblich,1.0,1.0,28.0,kalt_g_ch3_g8_compr.mp4,ch3g8,9.0,3.0,kalt,kalt_g_ch3,0.8852927679414146,4.203327964535045,1308.333333333331,10.614915,9.964275,35.36197476658439,0.12266594090102267,0.5017026621691603,24.999999999999773,5.0,34.0
37,52.0,Woman / Weiblich,2.0,3.0,74.0,kalt_g_ch2_g17_compr.mp4,ch2g17,18.0,2.0,kalt,kalt_g_ch2,0.6797106111552581,12.42301959070615,3636.347954247115,2.8514888,2.2668548,2771.974310773082,0.018067067799360848,0.668993988392419,1611.347954247119,37.0,29.0
7,50.0,Woman / Weiblich,1.0,2.0,40.0,rennen_g_ch1_g7_compr.mp4,ch1g7,8.0,1.0,rennen,rennen_g_ch1,0.5447697360055443,16.29617207300552,516.9799619513035,2.1512275,-0.59086996,241.847625504073,0.0004307062591017985,0.052155139951540974,53.87513102162029,26.0,31.0
30,45.0,Woman / Weiblich,1.0,2.0,51.0,leise_g_ch2_g10_compr.mp4,ch2g10,11.0,2.0,leise,leise_g_ch2,0.392494427874005,1.5769083108350834,0.0,10.353355,6.0825624,1660.573053910895,0.04176089430941471,0.3772300844086429,1174.2018565817348,24.0,6.0
21,22.0,Non-binary / Nicht-binär,1.0,3.0,50.0,kalt_g_ch2_g1_compr.mp4,ch2g1,2.0,2.0,kalt,kalt_g_ch2,0.5853403323719918,14.032966710125768,3615.8883250576255,2.8835063,2.2580016,3794.243033359436,0.13237605237694516,9.658287953884557,2982.5498864332462,,
2,24.0,Prefer not to say / Keine Angabe,1.0,7.0,17.0,Donner_g_ch1_g2_compr.mp4,ch1g2,3.0,1.0,Donner,Donner_g_ch1,1.1564552228304228,4.5112326140681605,194.1416292870304,9.833212,10.752618,444.33443471730146,0.1233871791867891,0.2892130812809901,314.19170404630387,2.0,23.0
21,22.0,Non-binary / Nicht-binär,1.0,3.0,50.0,rennen_g_ch2_g1_compr.mp4,ch2g1,2.0,2.0,rennen,rennen_g_ch2,0.2310090011396667,16.926425023421878,319.8042318567612,5.2792063,-0.45131484,127.48843634268744,0.2429321903112636,0.08524202884909471,97.27443885342956,,
56,21.0,Man / Männlich,2.0,2.0,80.0,Donner_g_ch3_g16_compr.mp4,ch3g16,17.0,3.0,Donner,Donner_g_ch3,1.932658949123331,14.511414405471712,630.5600682382724,1.5924228,3.9039443,542.173398000405,0.08861837945927897,0.3459041382412167,437.1547943122646,1.0,50.0
42,35.0,Man / Männlich,2.0,4.0,30.0,kalt_g_ch3_g2_compr.mp4,ch3g2,3.0,3.0,kalt,kalt_g_ch3,0.9925058249985694,4.275513220418917,791.6666666666673,9.9804325,10.298529,1087.5593268263142,0.13321910285240868,0.03241026580995232,722.5065044083555,6.0,20.0
12,25.0,Man / Männlich,1.0,4.0,55.0,rennen_g_ch1_g12_compr.mp4,ch1g12,13.0,1.0,rennen,rennen_g_ch1,0.586933020623945,15.864997460364153,381.8928562941298,2.9841175,-0.58233476,238.168872170334,0.004760706855558294,0.0008193695352201047,189.27576665530415,0.0,21.0
36,15.0,Man / Männlich,1.0,3.0,45.0,langsam_g_ch2_g16_compr.mp4,ch2g16,17.0,2.0,langsam,langsam_g_ch2,0.7816460138985063,16.597595340345972,1191.4708774009057,0.74587923,0.14437312,1494.209796294842,0.03243180043412586,1.1677658509189754,1036.805943915034,0.0,2.0
42,35.0,Man / Männlich,2.0,4.0,30.0,rennen_g_ch3_g2_compr.mp4,ch3g2,3.0,3.0,rennen,rennen_g_ch3,0.5303442338249903,16.216527836477944,284.6609719216241,4.2128115,-0.4200117,97.30539546911751,0.1363534722654972,0.08483038556244082,78.9442683149538,6.0,20.0
47,23.0,Woman / Weiblich,1.0,3.0,62.0,Donner_g_ch3_g7_compr.mp4,ch3g7,8.0,3.0,Donner,Donner_g_ch3,1.4130788694066534,16.197587989474183,1033.9602552516694,1.5978917,2.6096363,371.86514838377343,0.48982064788770496,1.4024459306565102,303.62125431257596,3.0,13.0
8,24.0,Woman / Weiblich,4.0,5.0,54.0,Donner_g_ch1_g8_compr.mp4,ch1g8,9.0,1.0,Donner,Donner_g_ch1,1.2443782672688108,5.166231337372133,758.3333333333461,9.919922,11.124553,317.00767873543674,0.04358842610172564,0.3401545558386436,115.21101273603426,26.0,14.0
9,58.0,Woman / Weiblich,1.0,1.0,50.0,kalt_g_ch1_g9_compr.mp4,ch1g9,10.0,1.0,kalt,kalt_g_ch1,0.7304108469478711,3.826591168901749,4111.1426067015955,11.67491,10.478832,2371.7384961372354,0.1731382597386243,0.039609499004898296,1916.0262267609978,34.0,4.0
46,26.0,Woman / Weiblich,1.0,3.0,75.0,rennen_g_ch3_g6_compr.mp4,ch3g6,7.0,3.0,rennen,rennen_g_ch3,0.5306425051647295,15.39587111131931,340.28461567842044,4.883447,-0.1737497,226.58139976860312,0.09386276875701316,0.9446142539573597,184.7995731826772,17.0,25.0
16,27.0,Man / Männlich,1.0,2.0,30.0,rennen_g_ch1_g16_compr.mp4,ch1g16,17.0,1.0,rennen,rennen_g_ch1,0.3698051827424833,12.989123458347716,1561.676743713353,4.211507,-1.1123724,1519.7167373569423,0.07423431592367019,3.1195461092796535,1238.1322224131904,17.0,40.0
46,26.0,Woman / Weiblich,1.0,3.0,75.0,kalt_g_ch3_g6_compr.mp4,ch3g6,7.0,3.0,kalt,kalt_g_ch3,0.5998982888590743,14.388850421250018,0.0,4.677721,0.34139916,3460.8286494042454,0.27729653720470093,11.378104491252792,2815.397476963809,17.0,25.0
32,24.0,Woman / Weiblich,1.0,4.0,41.0,langsam_g_ch2_g12_compr.mp4,ch2g12,13.0,2.0,langsam,langsam_g_ch2,0.8210087787899477,15.223519807615675,847.586598645172,2.4657602,0.569546,358.93275772219664,0.40057206291653047,0.2038692978785317,207.92285022274268,12.0,29.0
9,58.0,Woman / Weiblich,1.0,1.0,50.0,rennen_g_ch1_g9_compr.mp4,ch1g9,10.0,1.0,rennen,rennen_g_ch1,0.6364900989282313,16.074791601944384,804.3759608784659,2.8074224,-0.44856307,743.8953585303768,0.04535220302311349,0.10252131092330785,600.3755698794876,34.0,4.0
39,39.0,Woman / Weiblich,1.0,3.0,41.0,kalt_g_ch2_g19_compr.mp4,ch2g19,20.0,2.0,kalt,kalt_g_ch2,0.3574955554643978,12.092304057169812,995.6018472567008,4.7248926,-0.9214102,2729.8423684245367,0.28051460285641827,8.491478919437728,1918.8162005274394,30.0,7.0
52,21.0,Man / Männlich,1.0,3.0,53.0,Donner_g_ch3_g12_compr.mp4,ch3g12,13.0,3.0,Donner,Donner_g_ch3,2.1968611425467435,16.509159452760535,450.0000000000024,1.5552092,3.8333263,310.3107987303961,0.627152704108999,11.574817057009016,91.51553574651291,0.0,7.0
40,,,,,,kalt_g_ch2_g20_compr.mp4,ch2g20,21.0,2.0,kalt,kalt_g_ch2,0.926535246408089,11.871508915209551,2025.71106891232,1.8525202,1.290948,1287.2132216991383,0.5690396909436912,0.22079514196026118,1030.109221655619,,
43,41.0,Woman / Weiblich,1.0,5.0,73.0,Donner_g_ch3_g3_compr.mp4,ch3g3,4.0,3.0,Donner,Donner_g_ch3,1.653815762071704,4.6741483834543365,665.9254681131794,9.815483,11.853983,254.19112390293677,0.48969904138502685,0.30057085855927124,205.51034058358653,6.0,43.0
13,10.0,Woman / Weiblich,1.0,2.0,50.0,kalt_g_ch1_g13_compr.mp4,ch1g13,14.0,1.0,kalt,kalt_g_ch1,0.6518274370676087,3.8011558082392183,3124.999999999991,11.667808,10.398439,619.8975941456537,0.09489857015920622,1.3702353450283802,506.102199782099,15.0,5.0
60,35.0,Man / Männlich,1.0,2.0,85.0,leise_g_ch3_g20_compr.mp4,ch3g20,21.0,3.0,leise,leise_g_ch3,0.4647495323931612,0.8365270776047578,0.0,10.149502,5.8632927,13.948409575844064,0.021045126064575093,10.800471722618248,0.0,8.0,45.0
18,19.0,Woman / Weiblich,1.0,2.0,64.0,langsam_g_ch1_g18_compr.mp4,ch1g18,19.0,1.0,langsam,langsam_g_ch1,0.3743065222177452,15.701692425797487,1260.9693269225572,4.281479,-1.1813269,837.1121173454325,0.029989892562704568,0.21444513912623897,471.00319592277265,,
48,28.0,Woman / Weiblich,1.0,1.0,28.0,leise_g_ch3_g8_compr.mp4,ch3g8,9.0,3.0,leise,leise_g_ch3,1.2258209988710267,2.802725787874105,0.0,9.8127775,10.6738405,856.5653298800759,0.11120087205214557,0.4819274258976787,605.6829631513933,5.0,34.0
55,20.0,Woman / Weiblich,2.0,4.0,30.0,langsam_g_ch3_g15_compr.mp4,ch3g15,16.0,3.0,langsam,langsam_g_ch3,0.3503295655774114,3.7254320077640193,2013.9516204247184,11.123743,9.145995,1001.988794531376,0.015321739404943524,1.4744015226858336,801.268738166767,6.0,40.0
7,50.0,Woman / Weiblich,1.0,2.0,40.0,leise_g_ch1_g7_compr.mp4,ch1g7,8.0,1.0,leise,leise_g_ch1,0.4326522186386403,0.989909085635772,0.0,9.866554,7.805995,0.5169256281176127,0.2451407462895407,0.2653157666094377,0.0,26.0,31.0
35,15.0,Man / Männlich,2.0,4.0,43.0,Donner_g_ch2_g15_compr.mp4,ch2g15,16.0,2.0,Donner,Donner_g_ch2,1.487541038428121,5.038060986969413,726.1980771209606,9.750074,11.693425,452.8820907315076,0.14194080398258935,9.535804506515108,334.5314104543039,1.0,18.0
59,27.0,Woman / Weiblich,1.0,3.0,40.0,leise_g_ch3_g19_compr.mp4,ch3g19,20.0,3.0,leise,leise_g_ch3,0.4857946584577363,11.636998800223006,0.0,4.8578553,0.9040682,1767.8257573662104,0.03151665876029991,10.053224736494107,1249.9999999999984,1.0,20.0
29,69.0,Woman / Weiblich,1.0,4.0,45.0,langsam_g_ch2_g9_compr.mp4,ch2g9,10.0,2.0,langsam,langsam_g_ch2,0.5465976444551109,16.67216577537473,883.1076986596597,1.9883165,-0.060665816,,,,,11.0,35.0
14,11.0,Man / Männlich,1.0,2.0,40.0,leise_g_ch1_g14_compr.mp4,ch1g14,15.0,1.0,leise,leise_g_ch1,0.593009295193217,1.5937087745928369,0.0,10.498848,5.4498515,0.647868359009546,0.19488182680739058,0.18810036378204997,0.0,1.0,10.0
21,22.0,Non-binary / Nicht-binär,1.0,3.0,50.0,leise_g_ch2_g1_compr.mp4,ch2g1,2.0,2.0,leise,leise_g_ch2,0.415126226357052,1.201736335306091,1183.333333333332,11.796962,6.9977646,617.6166117088162,0.10106028634795577,0.2776599700817033,436.72061206777676,,
31,36.0,Woman / Weiblich,1.0,5.0,12.0,Donner_g_ch2_g11_compr.mp4,ch2g11,12.0,2.0,Donner,Donner_g_ch2,1.141306471122744,13.06582993665316,891.6666666666626,1.5146167,2.231006,836.7432962005169,0.14712625753069508,0.18902407044743263,591.6666666666663,9.0,39.0
44,28.0,Woman / Weiblich,1.0,5.0,46.0,langsam_g_ch3_g4_compr.mp4,ch3g4,5.0,3.0,langsam,langsam_g_ch3,1.1361547815607158,14.101542187863751,880.4789614275655,0.8428163,0.67802525,411.2254572021626,0.18901200725484224,0.46825065718373615,335.22066912700916,13.0,27.0
51,21.0,Man / Männlich,1.0,2.0,60.0,langsam_g_ch3_g11_compr.mp4,ch3g11,12.0,3.0,langsam,langsam_g_ch3,0.3095454643337232,3.203375410986488,2303.699944852948,11.259238,9.160471,438.3794666957913,0.8210826970069809,12.642595087963237,357.63174003852305,41.0,15.0
3,32.0,Woman / Weiblich,1.0,3.0,60.0,leise_g_ch1_g3_compr.mp4,ch1g3,4.0,1.0,leise,leise_g_ch1,0.4430743317965871,2.26384809138987,572.6855594477657,11.528692,6.4787765,809.9018601187411,0.05835270196073833,0.8136573895200852,572.6855594477657,8.0,43.0
38,9.0,Woman / Weiblich,1.0,2.0,48.0,rennen_g_ch2_g18_compr.mp4,ch2g18,19.0,2.0,rennen,rennen_g_ch2,0.6692719700263192,15.903129442852851,858.4732663693673,2.2459276,-0.36910284,773.0759802607549,0.05613215638782254,0.594683873663957,621.3883704385117,43.0,26.0
17,,Woman / Weiblich,,,,kalt_g_ch1_g17_compr.mp4,ch1g17,18.0,1.0,kalt,kalt_g_ch1,0.3903177706916616,1.7897070080978237,0.0,9.928757,7.346438,60.89107156056333,0.44375216315469057,11.582580344349008,41.66666666670767,,
25,33.0,Man / Männlich,1.0,2.0,80.0,leise_g_ch2_g5_compr.mp4,ch2g5,6.0,2.0,leise,leise_g_ch2,0.430018331570005,1.6680458154079274,889.1709621889318,11.685136,6.768609,20.044797679369665,0.09268926983520931,0.18122146897791747,14.170962188933231,33.0,20.0
10,25.0,Man / Männlich,1.0,3.0,70.0,leise_g_ch1_g10_compr.mp4,ch1g10,11.0,1.0,leise,leise_g_ch1,0.5421017330551074,2.0325246218920845,1044.946687753452,11.879775,6.7238183,2400.264718242843,0.07143516649118814,0.9237466837516577,913.3866455798761,33.0,20.0
36,15.0,Man / Männlich,1.0,3.0,45.0,Donner_g_ch2_g16_compr.mp4,ch2g16,17.0,2.0,Donner,Donner_g_ch2,1.613061726748934,4.59103604288404,1020.9548193536414,9.739472,11.992523,444.91522148601,0.1255206883208131,0.4470249440853724,294.7567422326807,0.0,2.0
43,41.0,Woman / Weiblich,1.0,5.0,73.0,langsam_g_ch3_g3_compr.mp4,ch3g3,4.0,3.0,langsam,langsam_g_ch3,1.325166788815558,14.569792845047488,545.2582923005564,1.4428444,1.6826943,601.8118556452997,0.39005055788201226,1.200724830931037,442.30102045064507,6.0,43.0
56,21.0,Man / Männlich,2.0,2.0,80.0,langsam_g_ch3_g16_compr.mp4,ch3g16,17.0,3.0,langsam,langsam_g_ch3,0.6596396821984012,15.60266908400404,722.893424813112,1.8433973,-0.48516437,1583.026769479109,0.3093101166209898,11.877237076240021,1291.0581956116064,1.0,50.0
4,60.0,Woman / Weiblich,1.0,3.0,86.0,leise_g_ch1_g4_compr.mp4,ch1g4,5.0,1.0,leise,leise_g_ch1,0.4497421699854405,11.341151981794969,567.0586879288206,5.1530786,0.08419384,806.0714579101319,0.006667838188853359,9.077303890405098,5.626871518945109,28.0,26.0
10,25.0,Man / Männlich,1.0,3.0,70.0,kalt_g_ch1_g10_compr.mp4,ch1g10,11.0,1.0,kalt,kalt_g_ch1,0.6411150716542428,4.755939358362371,408.673327841309,9.857378,9.158865,4570.632566261821,0.08929577529362831,0.9293481894606215,3702.4692788602865,33.0,20.0
22,59.0,Woman / Weiblich,1.0,3.0,69.0,leise_g_ch2_g2_compr.mp4,ch2g2,3.0,2.0,leise,leise_g_ch2,0.308120416767606,10.104868240214843,0.0,5.2325325,0.2353766,1673.543061664171,0.107005809589446,8.903131904908753,1183.333333333332,37.0,19.0
17,,Woman / Weiblich,,,,leise_g_ch1_g17_compr.mp4,ch1g17,18.0,1.0,leise,leise_g_ch1,0.4725329596932303,1.5006748756304342,0.0,9.8790045,7.906246,577.4756798559522,0.24396728191256267,1.5744388581037778,408.3333333333224,,
8,24.0,Woman / Weiblich,4.0,5.0,54.0,langsam_g_ch1_g8_compr.mp4,ch1g8,9.0,1.0,langsam,langsam_g_ch1,0.9135677796469814,15.92433066301057,892.9908241294336,2.2877178,0.27535275,1025.4507389769403,0.3418754148825469,0.3057841600074216,820.5188921181127,26.0,14.0
14,11.0,Man / Männlich,1.0,2.0,40.0,kalt_g_ch1_g14_compr.mp4,ch1g14,15.0,1.0,kalt,kalt_g_ch1,1.0789132609795566,4.275563509577278,0.0,9.801857,10.513342,3827.3327843559086,0.42708582391194794,0.4744077013380599,3124.999999999991,1.0,10.0
59,27.0,Woman / Weiblich,1.0,3.0,40.0,kalt_g_ch3_g19_compr.mp4,ch3g19,20.0,3.0,kalt,kalt_g_ch3,0.7460544849017299,2.2123262143447127,0.0,9.672687,8.550184,3440.990094798263,0.2524937982089209,10.00128109525776,2805.997874922331,1.0,20.0
52,21.0,Man / Männlich,1.0,3.0,53.0,langsam_g_ch3_g12_compr.mp4,ch3g12,13.0,3.0,langsam,langsam_g_ch3,0.3533445063672204,3.5129665396990433,1775.944857704933,11.06556,9.098397,648.4178374310933,0.043799042033497215,0.30959112871255545,527.7550871480153,0.0,7.0
0,,,,,,leise_g_ch1_g0_compr.mp4,ch1g0,1.0,1.0,leise,leise_g_ch1,0.3140659400090962,1.4793963053877943,746.6127212655551,11.315003,6.6873426,,,,,,
47,23.0,Woman / Weiblich,1.0,3.0,62.0,langsam_g_ch3_g7_compr.mp4,ch3g7,8.0,3.0,langsam,langsam_g_ch3,1.049063599764482,15.471676635937762,1614.770170435368,1.367654,1.2281781,416.57173209531874,0.21814601146935297,0.819434952839881,228.55395635248283,3.0,13.0
32,24.0,Woman / Weiblich,1.0,4.0,41.0,Donner_g_ch2_g12_compr.mp4,ch2g12,13.0,2.0,Donner,Donner_g_ch2,1.4084808442581085,15.998456502431072,422.80661312090047,1.361704,2.0785623,1092.554403511477,0.2671743731353644,2.9326265657779125,468.8600535457622,12.0,29.0
60,35.0,Man / Männlich,1.0,2.0,85.0,kalt_g_ch3_g20_compr.mp4,ch3g20,21.0,3.0,kalt,kalt_g_ch3,0.712485546602488,1.827696254604864,1814.025007654273,11.563417,8.634323,2565.419512324664,0.0335689382992419,0.3846299597398486,1814.025007654273,8.0,45.0
13,10.0,Woman / Weiblich,1.0,2.0,50.0,leise_g_ch1_g13_compr.mp4,ch1g13,14.0,1.0,leise,leise_g_ch1,0.3981274683858264,1.7818091383748869,0.0,10.5093565,6.007418,1473.1400902993937,0.21171000569266113,0.5529699931937435,1041.666666666666,15.0,5.0
26,,Woman / Weiblich,,,,leise_g_ch2_g6_compr.mp4,ch2g6,7.0,2.0,leise,leise_g_ch2,0.4794381134961081,1.258625893042361,0.0,10.236982,5.753503,1257.4790118649253,0.04941978192610308,0.40941992236556635,889.1709621889318,,
40,,,,,,leise_g_ch2_g20_compr.mp4,ch2g20,21.0,2.0,leise,leise_g_ch2,0.7932492825599649,12.964744166635937,613.631167621507,2.008287,0.9062864,753.4832291197135,0.40096927702590474,0.457397827815484,268.7277995119268,,
18,19.0,Woman / Weiblich,1.0,2.0,64.0,Donner_g_ch1_g18_compr.mp4,ch1g18,19.0,1.0,Donner,Donner_g_ch1,0.5762806445816662,5.704296921988755,155.5089933585329,9.904269,9.117473,166.6555324622395,0.06494331513519724,0.768089203199489,117.02553619644868,,
41,29.0,Woman / Weiblich,1.0,3.0,50.0,rennen_g_ch3_g1_compr.mp4,ch3g1,2.0,3.0,rennen,rennen_g_ch3,0.6666977060904875,16.301358222040385,205.71670360667028,4.504812,0.16756804,35.8959077615679,0.19275651463955723,0.5398247725323984,16.813089396661354,,
35,15.0,Man / Männlich,2.0,4.0,43.0,langsam_g_ch2_g15_compr.mp4,ch2g15,16.0,2.0,langsam,langsam_g_ch2,0.7492142134643804,15.429829489426997,2228.2768213159397,1.067951,-0.12491752,1245.0347609679943,0.30422761249711106,0.6571038427044265,803.8243421543934,1.0,18.0
41,29.0,Woman / Weiblich,1.0,3.0,50.0,kalt_g_ch3_g1_compr.mp4,ch3g1,2.0,3.0,kalt,kalt_g_ch3,0.8592867221461608,4.307923486228869,1514.1731710750228,10.717229,10.070025,1173.3731526951644,0.1415703373972238,0.06675527001234194,880.8347324506435,,
11,25.0,Woman / Weiblich,1.0,4.0,76.0,rennen_g_ch1_g11_compr.mp4,ch1g11,12.0,1.0,rennen,rennen_g_ch1,0.5916937274795033,15.864178090828933,571.1686229494339,2.3973584,-0.53913474,384.1540654931203,0.17080285839648823,0.4790965055659484,310.1351375338493,0.0,6.0
55,20.0,Woman / Weiblich,2.0,4.0,30.0,Donner_g_ch3_g15_compr.mp4,ch3g15,16.0,3.0,Donner,Donner_g_ch3,2.02127732858261,14.857318543712928,1067.714862550537,1.6636715,3.9556758,329.76666154951727,0.22552329464190635,10.321925505554258,267.71486255052537,6.0,40.0
39,39.0,Woman / Weiblich,1.0,3.0,41.0,leise_g_ch2_g19_compr.mp4,ch2g19,20.0,2.0,leise,leise_g_ch2,0.3922800055340601,13.42214199445142,344.9033681095802,4.5232344,1.0759071,2293.8544258798206,0.04187989430068528,11.74640180461352,1421.7632985570795,30.0,7.0
28,80.0,Woman / Weiblich,1.0,1.0,80.0,kalt_g_ch2_g8_compr.mp4,ch2g8,9.0,2.0,kalt,kalt_g_ch2,0.7623373913916696,4.603628983679068,1753.3445671103734,10.995335,9.771209,1234.06494739455,0.1211756285549932,0.2769832402371897,919.5388133851343,67.0,7.0
44,28.0,Woman / Weiblich,1.0,5.0,46.0,Donner_g_ch3_g4_compr.mp4,ch3g4,5.0,3.0,Donner,Donner_g_ch3,1.8628746716193236,16.23668482801595,565.0866295701514,1.7008818,3.6813133,508.4310990174106,0.20905890954761963,11.562536444561612,100.83883854302792,13.0,27.0
28,80.0,Woman / Weiblich,1.0,1.0,80.0,rennen_g_ch2_g8_compr.mp4,ch2g8,9.0,2.0,rennen,rennen_g_ch2,0.7515142200921168,15.977100642676495,389.1812107504864,2.9230835,-0.34309268,543.1592833911595,0.28057471594511885,0.988665598802644,443.4829451919201,67.0,7.0
51,21.0,Man / Männlich,1.0,2.0,60.0,Donner_g_ch3_g11_compr.mp4,ch3g11,12.0,3.0,Donner,Donner_g_ch3,1.5697084384377444,4.93434239575152,358.4844642534895,9.807085,11.918183,389.1268791868955,0.030005334943694617,1.468106353860064,275.1511309201494,41.0,15.0
31,36.0,Woman / Weiblich,1.0,5.0,12.0,langsam_g_ch2_g11_compr.mp4,ch2g11,12.0,2.0,langsam,langsam_g_ch2,1.2215808417064782,15.019650509737144,639.6637484224293,1.3921959,1.4814639,4100.661411682196,0.07918600983251212,0.8354046927646177,3292.4170715510313,9.0,39.0
15,44.0,Woman / Weiblich,1.0,5.0,70.0,rennen_g_ch1_g15_compr.mp4,ch1g15,16.0,1.0,rennen,rennen_g_ch1,0.4440394986661535,16.10866956762737,323.5445213001625,4.2195034,-0.6880768,76.65746323825023,0.060603923189456566,0.3880465749428019,15.93311113079551,33.0,30.0
45,43.0,Woman / Weiblich,1.0,4.0,50.0,kalt_g_ch3_g5_compr.mp4,ch3g5,6.0,3.0,kalt,kalt_g_ch3,0.8771948260637752,3.010745929997225,2815.397476963809,11.562884,10.30417,2146.934905272932,0.3542927156239306,0.09415615449844594,1395.2363456519872,15.0,4.0
45,43.0,Woman / Weiblich,1.0,4.0,50.0,rennen_g_ch3_g5_compr.mp4,ch3g5,6.0,3.0,rennen,rennen_g_ch3,0.6245052739217427,16.34048536527667,155.48504249574324,3.0050046,-0.6452166,585.129401745468,0.14321892027328698,0.8266895355523509,473.4972786202348,15.0,4.0
29,69.0,Woman / Weiblich,1.0,4.0,45.0,Donner_g_ch2_g9_compr.mp4,ch2g9,10.0,2.0,Donner,Donner_g_ch2,1.0250642462615296,3.5683531883002124,1443.8835867253458,10.752746,10.2845125,839.6174126171977,0.28687175856041836,11.116022172617692,73.95663472681144,11.0,35.0
58,28.0,Man / Männlich,1.0,2.0,60.0,rennen_g_ch3_g18_compr.mp4,ch3g18,19.0,3.0,rennen,rennen_g_ch3,0.5584843062106559,15.337127367918598,282.1618264750385,2.2225728,-0.14314023,40.95805079502393,0.14218657429911752,0.4436213037681238,32.70276192443475,22.0,30.0
12,25.0,Man / Männlich,1.0,4.0,55.0,leise_g_ch1_g12_compr.mp4,ch1g12,13.0,1.0,leise,leise_g_ch1,0.6098374740784875,2.3347791315686304,1041.666666666666,11.857227,6.6104355,1473.1405172494,0.07146880313113047,0.6500122179992567,1041.666666666666,0.0,21.0
27,13.0,Woman / Weiblich,2.0,5.0,73.0,leise_g_ch2_g7_compr.mp4,ch2g7,8.0,2.0,leise,leise_g_ch2,0.6753660541272377,11.942202562794726,0.0,4.6011186,1.1472689,13.895052907854902,0.19592794063112962,10.683576669752366,0.0,,
53,32.0,Woman / Weiblich,1.0,3.0,50.0,langsam_g_ch3_g13_compr.mp4,ch3g13,14.0,3.0,langsam,langsam_g_ch3,0.2683819773668715,5.010560641823265,1078.136375018631,10.702726,9.034813,993.7739811517132,0.0849625290003489,1.4975941021242214,697.8084826863019,11.0,3.0
1,26.0,Woman / Weiblich,1.0,3.0,40.0,leise_g_ch1_g1_compr.mp4,ch1g1,2.0,1.0,leise,leise_g_ch1,0.4562856285248934,1.2727864971518077,0.0,10.181795,5.824019,1055.87084731115,0.1422196885157972,0.20660980823598663,746.6127212655551,,
58,28.0,Man / Männlich,1.0,2.0,60.0,kalt_g_ch3_g18_compr.mp4,ch3g18,19.0,3.0,kalt,kalt_g_ch3,0.9985482831106508,12.213607309602471,2805.997874922331,2.828249,2.2701278,522.2811768565047,0.19989400273346292,0.059900886979740164,415.5862122998087,22.0,30.0
33,55.0,Man / Männlich,1.0,2.0,80.0,Donner_g_ch2_g13_compr.mp4,ch2g13,14.0,2.0,Donner,Donner_g_ch2,1.8959741308098483,16.326919572136955,758.1756184937828,1.0233737,1.5826595,533.0756238392931,0.48749328655173985,0.328463069705883,335.3690053728824,31.0,39.0
46,26.0,Woman / Weiblich,1.0,3.0,75.0,langsam_g_ch3_g6_compr.mp4,ch3g6,7.0,3.0,langsam,langsam_g_ch3,1.267209611233835,14.65224168309788,1843.324126787851,1.0426698,0.30690676,684.7388731370085,0.3418898752643277,1.2794822420311682,524.233555968922,17.0,25.0
15,44.0,Woman / Weiblich,1.0,5.0,70.0,kalt_g_ch1_g15_compr.mp4,ch1g15,16.0,1.0,kalt,kalt_g_ch1,0.7557663239401655,3.340365523247767,1995.4069667605677,11.135618,9.928283,2443.888331320866,0.3231469370393911,0.935197986329511,1995.4069667605677,33.0,30.0
9,58.0,Woman / Weiblich,1.0,1.0,50.0,langsam_g_ch1_g9_compr.mp4,ch1g9,10.0,1.0,langsam,langsam_g_ch1,0.3721198938373696,15.611011805918324,1288.817258532628,2.2278752,-0.9527217,635.5844426084532,0.5414478858096119,0.3133188570922467,395.8264344031945,34.0,4.0
23,35.0,Woman / Weiblich,1.0,4.0,43.0,leise_g_ch2_g3_compr.mp4,ch2g3,4.0,2.0,leise,leise_g_ch2,0.3597555497942028,2.2584205776328883,667.8391050955145,11.321218,6.560093,944.55447977853,0.051635133026596836,7.846447662581955,667.8391050955145,24.0,26.0
16,27.0,Man / Männlich,1.0,2.0,30.0,leise_g_ch1_g16_compr.mp4,ch1g16,17.0,1.0,leise,leise_g_ch1,0.716500241605793,3.075113733734212,408.3333333333224,9.765864,8.753206,577.4835954563272,0.22779862608989537,1.7877417292843025,408.3333333333224,17.0,40.0
11,25.0,Woman / Weiblich,1.0,4.0,76.0,kalt_g_ch1_g11_compr.mp4,ch1g11,12.0,1.0,kalt,kalt_g_ch1,1.307291182477066,4.515962650477949,791.6666666666683,10.056991,11.305076,541.6391984617724,0.6661761108228234,0.2399767078844217,382.99333882535933,0.0,6.0
42,35.0,Man / Männlich,2.0,4.0,30.0,langsam_g_ch3_g2_compr.mp4,ch3g2,3.0,3.0,langsam,langsam_g_ch3,0.9351162309335458,15.770517675978525,987.5593127512014,2.7191653,0.8206481,224.68078489820957,0.06066567178258231,0.6490247350311211,182.9816513264334,6.0,20.0
37,52.0,Woman / Weiblich,2.0,3.0,74.0,Donner_g_ch2_g17_compr.mp4,ch2g17,18.0,2.0,Donner,Donner_g_ch2,1.4689307626728745,15.08107863463347,1343.8696494438586,1.4963465,2.3290067,409.161724783779,0.14413096407605952,10.49004259174943,322.91483009021727,37.0,29.0
57,50.0,Woman / Weiblich,1.0,2.0,30.0,langsam_g_ch3_g17_compr.mp4,ch3g17,18.0,3.0,langsam,langsam_g_ch3,0.6779790980318815,15.736840851631849,433.7040404760485,1.7468274,-0.53015685,364.7386848281859,0.01833941583348031,0.1341717676278087,289.18938433706353,29.0,50.0
5,59.0,Man / Männlich,1.0,2.0,66.0,leise_g_ch1_g5_compr.mp4,ch1g5,6.0,1.0,leise,leise_g_ch1,0.2735354870400475,0.6154050920262972,0.0,10.1774235,6.489589,802.0716935288226,0.176206682945393,10.725746889768672,567.0586879288206,1.0,20.0
60,35.0,Man / Männlich,1.0,2.0,85.0,rennen_g_ch3_g20_compr.mp4,ch3g20,21.0,3.0,rennen,rennen_g_ch3,0.4640938722344481,16.382358205246973,241.242677448578,3.7581997,-0.31545794,78.64606446095426,0.24968064913560628,0.30799231013684647,54.02381745951263,8.0,45.0
41,29.0,Woman / Weiblich,1.0,3.0,50.0,Donner_g_ch3_g1_compr.mp4,ch3g1,2.0,3.0,Donner,Donner_g_ch3,1.2230560844579732,4.312822739737872,424.8888740701187,9.74447,11.035888,376.7432224805623,0.1391873764523699,11.897297684994744,65.30270744694786,,
44,28.0,Woman / Weiblich,1.0,5.0,46.0,rennen_g_ch3_g4_compr.mp4,ch3g4,5.0,3.0,rennen,rennen_g_ch3,0.7677241941950297,15.51379582972432,628.982321115978,1.4179448,-0.4952328,405.8252291729041,0.12807661220576738,0.2703901514316964,331.1045890557193,13.0,27.0
59,27.0,Woman / Weiblich,1.0,3.0,40.0,rennen_g_ch3_g19_compr.mp4,ch3g19,20.0,3.0,rennen,rennen_g_ch3,0.7137745213700544,16.074365895110127,295.26649490809064,3.0757518,-0.31473243,16.618066319377412,0.15529021515939845,0.7372385271915292,13.104668433052154,1.0,20.0
28,80.0,Woman / Weiblich,1.0,1.0,80.0,Donner_g_ch2_g8_compr.mp4,ch2g8,9.0,2.0,Donner,Donner_g_ch2,1.311936004821948,14.684375360917905,1517.8402214521573,1.3025134,1.7372524,650.4884467188801,0.046224017276124796,0.907316844825413,59.90502880527356,67.0,7.0
50,62.0,Man / Männlich,1.0,2.0,75.0,Donner_g_ch3_g10_compr.mp4,ch3g10,11.0,3.0,Donner,Donner_g_ch3,1.599713773381439,3.4662360418914555,83.33333333334008,9.860662,11.906339,1816.937710715707,0.27397549895182616,10.996178197622209,1483.3333333333048,12.0,5.0
30,45.0,Woman / Weiblich,1.0,2.0,51.0,langsam_g_ch2_g10_compr.mp4,ch2g10,11.0,2.0,langsam,langsam_g_ch2,1.3007668515389903,14.184245816972526,3932.0808199734606,1.1592854,0.44958445,3814.4012916896577,0.7541692070838794,2.4879199584022036,3048.973121313801,24.0,6.0
14,11.0,Man / Männlich,1.0,2.0,40.0,rennen_g_ch1_g14_compr.mp4,ch1g14,15.0,1.0,rennen,rennen_g_ch1,0.5046434218556101,16.496716142570172,339.477632430958,4.4119496,-0.2822966,212.4840717460494,0.08114256648077578,1.023193566297424,75.37026852921122,1.0,10.0
44,28.0,Woman / Weiblich,1.0,5.0,46.0,kalt_g_ch3_g4_compr.mp4,ch3g4,5.0,3.0,kalt,kalt_g_ch3,0.5229021104398446,2.916589775498779,1420.1611313118217,11.451092,8.765613,1283.8882749123854,0.25450473920710326,1.9360400150525816,907.8437142718878,13.0,27.0
45,43.0,Woman / Weiblich,1.0,4.0,50.0,Donner_g_ch3_g5_compr.mp4,ch3g5,6.0,3.0,Donner,Donner_g_ch3,1.778889836607383,5.5725105192489774,800.3881494905207,9.668361,12.036515,351.3057174322963,0.08398483501194054,10.664174308766972,235.3015199203693,15.0,4.0
29,69.0,Woman / Weiblich,1.0,4.0,45.0,rennen_g_ch2_g9_compr.mp4,ch2g9,10.0,2.0,rennen,rennen_g_ch2,0.6620450818814019,15.707824425873625,695.56909192891,2.2731254,0.35487384,441.3924797247733,0.0894691382107149,0.2692762168028704,306.3878811784236,11.0,35.0
29,69.0,Woman / Weiblich,1.0,4.0,45.0,kalt_g_ch2_g9_compr.mp4,ch2g9,10.0,2.0,kalt,kalt_g_ch2,0.683906089217209,2.763501629434375,2099.999999999996,11.552419,8.680043,2053.570682478324,0.0784313021744606,1.8401273542446925,346.6554328896225,11.0,35.0
38,9.0,Woman / Weiblich,1.0,2.0,48.0,leise_g_ch2_g18_compr.mp4,ch2g18,19.0,2.0,leise,leise_g_ch2,0.4341598998347454,1.6757401898379003,1766.6666666666597,11.094501,9.303529,3088.443148949906,0.1953825555274409,1.0116362393928469,675.0000000000095,43.0,26.0
20,,,,,,Donner_g_ch1_g20_compr.mp4,ch1g20,21.0,1.0,Donner,Donner_g_ch1,1.2100263371746132,5.527969327479468,267.7511759919098,9.978563,11.253487,837.9893372913367,0.030204006280912576,0.4160311037537028,660.2718568037094,,
34,14.0,Man / Männlich,3.0,5.0,61.0,langsam_g_ch2_g14_compr.mp4,ch2g14,15.0,2.0,langsam,langsam_g_ch2,1.0534418259614915,16.086933332131423,1424.4524791615463,0.6269766,0.2649114,920.7161868975796,0.2589966017097348,0.2630520586723737,743.6045076552057,41.0,19.0
10,25.0,Man / Männlich,1.0,3.0,70.0,rennen_g_ch1_g10_compr.mp4,ch1g10,11.0,1.0,rennen,rennen_g_ch1,0.4208908690830151,16.34327459639488,261.03348541558466,4.1488314,-0.47135508,666.1975585639159,0.21559922984521618,0.2684829944504976,543.3424754628812,33.0,20.0
54,26.0,Non-binary / Nicht-binär,1.0,2.0,70.0,Donner_g_ch3_g14_compr.mp4,ch3g14,15.0,3.0,Donner,Donner_g_ch3,1.7957540339407037,4.535393038158669,800.0000000000116,9.717591,12.035805,112.4088551521396,0.4117584905996625,12.285568034899583,89.80694162894088,6.0,20.0
19,57.0,Woman / Weiblich,1.0,2.0,39.0,Donner_g_ch1_g19_compr.mp4,ch1g19,20.0,1.0,Donner,Donner_g_ch1,1.1798223308937006,5.111938223725765,928.0230327956192,9.948002,11.193638,950.8284311866366,0.6035416863120344,0.5923586982629896,772.5140394370862,38.0,25.0
42,35.0,Man / Männlich,2.0,4.0,30.0,Donner_g_ch3_g2_compr.mp4,ch3g2,3.0,3.0,Donner,Donner_g_ch3,1.1641167206866772,4.373577524895065,871.4358086967659,9.745223,10.974366,549.4147458690427,0.05893936377129605,0.06075478515719368,446.5469346266472,6.0,20.0
8,24.0,Woman / Weiblich,4.0,5.0,54.0,rennen_g_ch1_g8_compr.mp4,ch1g8,9.0,1.0,rennen,rennen_g_ch1,0.5911378959051178,16.17731291286769,204.00039099897836,2.4318304,-0.54906607,418.7504990399681,0.046368159899573436,0.11885916013782705,312.97957095232516,26.0,14.0
38,9.0,Woman / Weiblich,1.0,2.0,48.0,kalt_g_ch2_g18_compr.mp4,ch2g18,19.0,2.0,kalt,kalt_g_ch2,0.6380101583208161,3.600825137732084,2914.41804778414,11.490722,10.120241,1174.1648173161404,0.041700452834442014,8.822194452974067,721.9299064629749,43.0,26.0
47,23.0,Woman / Weiblich,1.0,3.0,62.0,kalt_g_ch3_g7_compr.mp4,ch3g7,8.0,3.0,kalt,kalt_g_ch3,0.762626827040392,3.701625302365885,1333.3333333333308,10.665235,9.721285,1885.6888585794504,0.16272853818131772,10.687225118884133,1333.3333333333308,3.0,13.0
33,55.0,Man / Männlich,1.0,2.0,80.0,langsam_g_ch2_g13_compr.mp4,ch2g13,14.0,2.0,langsam,langsam_g_ch2,0.7944452242517567,15.82388127345905,680.8479715063406,0.5564998,0.2654996,376.6927346384246,0.026563554538191037,0.600361465843374,166.73862713883136,31.0,39.0
53,32.0,Woman / Weiblich,1.0,3.0,50.0,Donner_g_ch3_g13_compr.mp4,ch3g13,14.0,3.0,Donner,Donner_g_ch3,2.207512524540366,16.820961073058253,710.1930583710707,1.6791519,3.889098,320.9911902095003,0.0106513819936227,0.3118016202977181,260.19305837106833,11.0,3.0
47,23.0,Woman / Weiblich,1.0,3.0,62.0,rennen_g_ch3_g7_compr.mp4,ch3g7,8.0,3.0,rennen,rennen_g_ch3,0.7779923451361158,15.258913156572817,281.3754936613816,3.1433482,-0.3015893,109.9954373717352,0.24734983997138626,0.13695795474649408,58.90912201703884,3.0,13.0
8,24.0,Woman / Weiblich,4.0,5.0,54.0,kalt_g_ch1_g8_compr.mp4,ch1g8,9.0,1.0,kalt,kalt_g_ch1,0.5572725872092468,3.786981669896851,2195.1163799405977,11.431651,8.96537,1117.2435875968706,0.02924067939066921,0.13739607489444428,559.8701090791865,26.0,14.0
9,58.0,Woman / Weiblich,1.0,1.0,50.0,Donner_g_ch1_g9_compr.mp4,ch1g9,10.0,1.0,Donner,Donner_g_ch1,1.5490952774970634,5.147692884780502,680.2233699287773,9.814775,11.875056,123.06992849759958,0.3047170102282526,0.01853845259163034,78.10996340456882,34.0,4.0
46,26.0,Woman / Weiblich,1.0,3.0,75.0,Donner_g_ch3_g6_compr.mp4,ch3g6,7.0,3.0,Donner,Donner_g_ch3,1.9028995172943584,14.795142058817673,730.3390009390935,1.4891901,3.310929,163.7185698712041,0.12400968068697527,9.222631539568695,70.04914855142727,17.0,25.0
43,41.0,Woman / Weiblich,1.0,5.0,73.0,rennen_g_ch3_g3_compr.mp4,ch3g3,4.0,3.0,rennen,rennen_g_ch3,0.8958008064007971,15.784185981156016,297.8777320602587,3.1608396,-0.059768286,18.26535393001565,0.36545657257580677,0.43234185532192804,13.21676013863464,6.0,43.0
57,50.0,Woman / Weiblich,1.0,2.0,30.0,Donner_g_ch3_g17_compr.mp4,ch3g17,18.0,3.0,Donner,Donner_g_ch3,1.92772544280184,14.865364433362778,522.5587297977142,1.596209,3.895558,154.5272700729023,0.004933506321491032,0.35395002789106655,108.00133844055813,29.0,50.0
43,41.0,Woman / Weiblich,1.0,5.0,73.0,kalt_g_ch3_g3_compr.mp4,ch3g3,4.0,3.0,kalt,kalt_g_ch3,0.7774068496469478,4.852629790551361,512.3174170399338,9.808383,9.309454,395.06146416204047,0.2150989753516216,0.5771165701324437,279.34924962673347,6.0,43.0
13,10.0,Woman / Weiblich,1.0,2.0,50.0,rennen_g_ch1_g13_compr.mp4,ch1g13,14.0,1.0,rennen,rennen_g_ch1,0.4235008553748343,15.473522576272748,414.8479009601692,4.770526,-0.6182035,196.9189839010643,0.16343216524911075,0.3914748840914051,32.95504466603944,15.0,5.0
37,52.0,Woman / Weiblich,2.0,3.0,74.0,langsam_g_ch2_g17_compr.mp4,ch2g17,18.0,2.0,langsam,langsam_g_ch2,0.9951644030962606,15.887849824196536,1776.383782510444,0.9782061,0.67530113,726.575722409218,0.21351838919775434,0.7097455161494359,584.9129051095383,37.0,29.0
40,,,,,,rennen_g_ch2_g20_compr.mp4,ch2g20,21.0,2.0,rennen,rennen_g_ch2,1.029021301272799,16.842315648495806,404.0775913704764,1.7344502,0.45970476,112.5063198178697,0.4024833121964386,0.6260783365047509,89.9771464200158,,
24,66.0,Woman / Weiblich,1.0,5.0,60.0,leise_g_ch2_g4_compr.mp4,ch2g4,5.0,2.0,leise,leise_g_ch2,0.3373290617347957,1.8492672843858449,874.9999999999985,11.405117,6.674317,292.9703537173576,0.022426488059407113,0.4091532932470434,207.16089490448405,31.0,17.0
11,25.0,Woman / Weiblich,1.0,4.0,76.0,leise_g_ch1_g11_compr.mp4,ch1g11,12.0,1.0,leise,leise_g_ch1,0.5383686709473571,1.6847669135693737,0.0,10.488227,5.439807,1477.7790726187925,0.0037330621077503734,0.3477577083227108,1044.946687753452,0.0,6.0
16,27.0,Man / Männlich,1.0,2.0,30.0,kalt_g_ch1_g16_compr.mp4,ch1g16,17.0,1.0,kalt,kalt_g_ch1,0.8340699338463522,13.37228735244683,41.66666666670767,4.374786,0.61450934,2393.22280840616,0.07830360990618668,10.031921829199064,1953.74030009386,17.0,40.0
39,39.0,Woman / Weiblich,1.0,3.0,41.0,rennen_g_ch2_g19_compr.mp4,ch2g19,20.0,2.0,rennen,rennen_g_ch2,0.6265379890763603,16.216237311991055,494.0547377904922,2.1276119,-0.61108875,464.36269065955696,0.04273398094995895,0.31310786913820365,364.41852857887505,30.0,7.0
45,43.0,Woman / Weiblich,1.0,4.0,50.0,langsam_g_ch3_g5_compr.mp4,ch3g5,6.0,3.0,langsam,langsam_g_ch3,0.9253197359695072,15.931723925129049,1319.0905708189289,1.550507,0.5760748,604.29869793014,0.21083504559120858,1.8301817372652973,438.61160939136334,15.0,4.0
30,45.0,Woman / Weiblich,1.0,2.0,51.0,Donner_g_ch2_g10_compr.mp4,ch2g10,11.0,2.0,Donner,Donner_g_ch2,1.2884327286534392,13.254854007100592,1483.333333333329,1.4952314,2.292661,1005.6412830520392,0.2633684823919096,9.68650081880038,39.449746607983116,24.0,6.0
50,62.0,Man / Männlich,1.0,2.0,75.0,langsam_g_ch3_g10_compr.mp4,ch3g10,11.0,3.0,langsam,langsam_g_ch3,1.130628161340704,15.845970498949724,1946.0682048144251,2.6831741,1.4592196,1079.296989447167,0.12065624164857991,0.5227237824296509,765.6355235451485,12.0,5.0
2,24.0,Prefer not to say / Keine Angabe,1.0,7.0,17.0,leise_g_ch1_g2_compr.mp4,ch1g2,3.0,1.0,leise,leise_g_ch1,0.5014270337573254,1.450190701869785,0.0,10.360315,5.567759,0.4031387584957904,0.04514140523243204,0.17740420471797735,0.0,2.0,23.0
15,44.0,Woman / Weiblich,1.0,5.0,70.0,leise_g_ch1_g15_compr.mp4,ch1g15,16.0,1.0,leise,leise_g_ch1,0.4887016155158976,1.2873720044499095,0.0,10.18072,5.6772337,0.5928510546794278,0.10430767967731941,0.3063367701429274,0.0,33.0,30.0
58,28.0,Man / Männlich,1.0,2.0,60.0,leise_g_ch3_g18_compr.mp4,ch3g18,19.0,3.0,leise,leise_g_ch3,0.4542779996974364,1.5837740637288995,1249.9999999999984,11.667716,6.909569,1767.76802172184,0.10134191141165821,0.2805969936809656,1249.9999999999984,22.0,30.0
20,,,,,,langsam_g_ch1_g20_compr.mp4,ch1g20,21.0,1.0,langsam,langsam_g_ch1,0.4877263964748397,15.20724274598752,1172.8988007691814,3.829943,-1.083659,287.56675494702,0.17715434316878947,1.1823098416226774,112.31910105448856,,
54,26.0,Non-binary / Nicht-binär,1.0,2.0,70.0,langsam_g_ch3_g14_compr.mp4,ch3g14,15.0,3.0,langsam,langsam_g_ch3,0.3350078261724679,5.199833530449853,1212.6828822579514,10.750344,9.022338,400.8687748013286,0.06662584880559635,0.1892728886265882,134.54650723932036,6.0,20.0
6,24.0,Woman / Weiblich,1.0,3.0,71.0,leise_g_ch1_g6_compr.mp4,ch1g6,7.0,1.0,leise,leise_g_ch1,0.1875114723490996,1.2552248522452096,0.0,9.945395,7.5608068,1.8900863264259231,0.08602401469094789,0.6398197602189124,0.0,35.0,5.0
34,14.0,Man / Männlich,3.0,5.0,61.0,Donner_g_ch2_g14_compr.mp4,ch2g14,15.0,2.0,Donner,Donner_g_ch2,1.3456002344455316,14.57386549348452,391.66666666665674,1.1825138,1.7046062,549.9805801939058,0.5503738963643168,1.7530540786524345,366.5089518271261,41.0,19.0
41,29.0,Woman / Weiblich,1.0,3.0,50.0,langsam_g_ch3_g1_compr.mp4,ch3g1,2.0,3.0,langsam,langsam_g_ch3,0.8744505591509635,15.121492940947403,804.577661424768,3.6157143,1.1443242,402.6015035637137,0.10281190984706678,1.622145811120257,325.40996110806265,,
19,57.0,Woman / Weiblich,1.0,2.0,39.0,langsam_g_ch1_g19_compr.mp4,ch1g19,20.0,1.0,langsam,langsam_g_ch1,0.6648807396436291,16.389552587610197,1060.5796997146929,1.808525,-0.41893908,467.6079084023353,0.29057421742588396,0.6878601618127096,200.38962720786435,38.0,25.0
12,25.0,Man / Männlich,1.0,4.0,55.0,kalt_g_ch1_g12_compr.mp4,ch1g12,13.0,1.0,kalt,kalt_g_ch1,0.7467260072268149,2.430920463210838,3631.10219978209,11.752891,10.543115,3520.2037901496847,0.5605651752502512,2.0850421872671108,2839.4355331154215,0.0,21.0
49,50.0,Man / Männlich,1.0,3.0,80.0,leise_g_ch3_g9_compr.mp4,ch3g9,10.0,3.0,leise,leise_g_ch3,1.0649179959186126,2.08776577967939,3464.202159269011,11.530147,10.329632,4249.403356614165,0.1609030029524141,0.7149600081947152,3464.202159269011,22.0,52.0
22,59.0,Woman / Weiblich,1.0,3.0,69.0,langsam_g_ch2_g2_compr.mp4,ch2g2,3.0,2.0,langsam,langsam_g_ch2,0.9342689013421388,15.019676554814565,851.1068660929742,1.1988109,0.8389625,1395.2704311178438,0.24293215651569444,1.1738603678952213,1135.3736248296964,37.0,19.0
52,21.0,Man / Männlich,1.0,3.0,53.0,leise_g_ch3_g12_compr.mp4,ch3g12,13.0,3.0,leise,leise_g_ch3,0.461599189612414,1.387412304221232,0.0,10.258084,5.8420286,1219.57528153627,0.3610475952137325,0.8385243141672927,862.369152715677,0.0,7.0
43,41.0,Woman / Weiblich,1.0,5.0,73.0,leise_g_ch3_g3_compr.mp4,ch3g3,4.0,3.0,leise,leise_g_ch3,0.4387414357784771,1.5725094984329775,0.0,10.352997,5.8193364,0.9175598298865753,0.07590798002642535,0.5932735530684228,0.0,6.0,43.0
18,19.0,Woman / Weiblich,1.0,2.0,64.0,kalt_g_ch1_g18_compr.mp4,ch1g18,19.0,1.0,kalt,kalt_g_ch1,0.9858085150364156,4.515305624511264,750.0000000000013,10.304955,10.3491745,1060.669928765304,0.595490744344754,2.72559861641344,750.0000000000013,,
4,60.0,Woman / Weiblich,1.0,3.0,86.0,langsam_g_ch1_g4_compr.mp4,ch1g4,5.0,1.0,langsam,langsam_g_ch1,1.1501440208624871,15.522753632959231,1210.1373935092245,2.748539,1.3595618,1104.130977293675,0.5265726208069527,1.2254142372181551,900.0858100563714,28.0,26.0
37,52.0,Woman / Weiblich,2.0,3.0,74.0,rennen_g_ch2_g17_compr.mp4,ch2g17,18.0,2.0,rennen,rennen_g_ch2,0.7254041264141418,16.497813316516808,237.0848959308555,2.527965,-0.17680937,225.15005936637576,0.48504217897693525,1.9334172837277368,173.66057613190947,37.0,29.0
13,10.0,Woman / Weiblich,1.0,2.0,50.0,langsam_g_ch1_g13_compr.mp4,ch1g13,14.0,1.0,langsam,langsam_g_ch1,0.7726818480671941,16.312676788461633,942.4986280617732,2.0978775,0.5236176,248.5892561913692,0.2535165645997203,0.5276928644737531,169.85302850543167,15.0,5.0
55,20.0,Woman / Weiblich,2.0,4.0,30.0,kalt_g_ch3_g15_compr.mp4,ch3g15,16.0,3.0,kalt,kalt_g_ch3,0.7472090931579347,3.800411588668762,1266.113914481801,10.648589,9.748244,1816.3545964697853,0.23161874008157068,1.1392531865876108,1308.8860855181954,6.0,40.0
56,21.0,Man / Männlich,2.0,2.0,80.0,leise_g_ch3_g16_compr.mp4,ch3g16,17.0,3.0,leise,leise_g_ch3,0.330520700634722,10.521936308762884,3391.666666666687,11.869683,7.4354696,4796.55310671293,0.06218821013075898,9.388389815342276,3391.666666666687,1.0,50.0
26,,Woman / Weiblich,,,,langsam_g_ch2_g6_compr.mp4,ch2g6,7.0,2.0,langsam,langsam_g_ch2,0.4818528112441307,16.345367806216107,857.73846300526,4.4631677,-0.7956832,322.5186261022342,0.1310892474487242,0.14979588767734953,20.492485171634257,,
8,24.0,Woman / Weiblich,4.0,5.0,54.0,leise_g_ch1_g8_compr.mp4,ch1g8,9.0,1.0,leise,leise_g_ch1,0.380859975166416,0.812682173487185,1599.9999999999957,11.6506405,7.1531787,2262.742867317646,0.051792243472224275,0.177226912148587,1599.9999999999957,26.0,14.0
51,21.0,Man / Männlich,1.0,2.0,60.0,kalt_g_ch3_g11_compr.mp4,ch3g11,12.0,3.0,kalt,kalt_g_ch3,0.465802207920642,3.600252660734308,300.2819855291562,9.9970875,9.00883,1583.9824761310313,0.5141648892777454,0.09081630994924117,1278.492939953501,41.0,15.0
33,55.0,Man / Männlich,1.0,2.0,80.0,rennen_g_ch2_g13_compr.mp4,ch2g13,14.0,2.0,rennen,rennen_g_ch2,0.4456200924548742,15.578914707212318,506.1475089585119,2.0364137,-0.7434308,384.90165480571295,0.06114718154982135,0.11789329408107463,283.11771659367776,31.0,39.0
17,,Woman / Weiblich,,,,langsam_g_ch1_g17_compr.mp4,ch1g17,18.0,1.0,langsam,langsam_g_ch1,0.3443166296550406,15.487247286671249,789.9661309997846,2.3763988,-0.9175334,1024.4029581695938,0.4445292458563874,0.6859186573247165,813.432710201213,,
0,,,,,,langsam_g_ch1_g0_compr.mp4,ch1g0,1.0,1.0,langsam,langsam_g_ch1,0.7716386493038967,16.74363875206766,479.1677003167054,2.98836,-0.26691127,,,,,,
47,23.0,Woman / Weiblich,1.0,3.0,62.0,leise_g_ch3_g7_compr.mp4,ch3g7,8.0,3.0,leise,leise_g_ch3,1.1146201268188811,3.284653213771784,605.6829631513933,9.910582,10.441763,1887.475480637336,0.049047938442710715,0.5899244824662935,1490.9150181952673,3.0,13.0
20,,,,,,rennen_g_ch1_g20_compr.mp4,ch1g20,21.0,1.0,rennen,rennen_g_ch1,0.3681484599187852,14.980330209025569,819.7386905996121,4.366796,-0.93231183,864.9753244402305,0.08386216579881439,0.17570532226502955,686.6124753828032,,
31,36.0,Woman / Weiblich,1.0,5.0,12.0,leise_g_ch2_g11_compr.mp4,ch2g11,12.0,2.0,leise,leise_g_ch2,0.5207929476373785,12.478942494025969,646.5005514019045,2.3601954,0.629544,914.4247406124985,0.12829851976337348,10.902034183190885,646.5005514019045,9.0,39.0
3,32.0,Woman / Weiblich,1.0,3.0,60.0,Donner_g_ch1_g3_compr.mp4,ch1g3,4.0,1.0,Donner,Donner_g_ch1,1.053054107261501,16.27428473047779,996.9046547091572,3.2344792,1.5310053,1115.951586699675,0.10340111556892184,11.763052116409629,802.7630254221267,8.0,43.0
36,15.0,Man / Männlich,1.0,3.0,45.0,kalt_g_ch2_g16_compr.mp4,ch2g16,17.0,2.0,kalt,kalt_g_ch2,0.697777678954619,13.09201357909857,2024.999999999996,3.1338508,1.3245262,754.2492031669665,0.34222713629729407,1.515548575778567,533.3333333333367,0.0,2.0
6,24.0,Woman / Weiblich,1.0,3.0,71.0,rennen_g_ch1_g6_compr.mp4,ch1g6,7.0,1.0,rennen,rennen_g_ch1,0.5443390297464425,16.244016933053977,570.8550929729238,4.4170156,-0.3002285,274.93188821481186,0.026983893569508366,0.7132290256050453,127.78967035254368,35.0,5.0
19,57.0,Woman / Weiblich,1.0,2.0,39.0,rennen_g_ch1_g19_compr.mp4,ch1g19,20.0,1.0,rennen,rennen_g_ch1,0.2842862941199708,15.156035531290598,1506.3511659824153,4.357566,-1.1688035,983.1949587821892,0.22284327727406533,1.307315267857966,802.672461007739,38.0,25.0
49,50.0,Man / Männlich,1.0,3.0,80.0,kalt_g_ch3_g9_compr.mp4,ch3g9,10.0,3.0,kalt,kalt_g_ch3,0.7702585021259063,2.157630904446812,0.0,9.634148,8.580212,1850.2652232465057,0.11503426581550835,2.0456970600882336,1308.333333333331,22.0,52.0
25,33.0,Man / Männlich,1.0,2.0,80.0,Donner_g_ch2_g5_compr.mp4,ch2g5,6.0,2.0,Donner,Donner_g_ch2,1.5537166180339166,13.806556425610818,3063.239484615279,1.7072326,2.8129663,2956.960076286828,0.3232562710889306,0.47723610706123054,695.4890155094877,33.0,20.0
54,26.0,Non-binary / Nicht-binär,1.0,2.0,70.0,rennen_g_ch3_g14_compr.mp4,ch3g14,15.0,3.0,rennen,rennen_g_ch3,0.4927049571871031,16.67314995956646,464.5528894609577,4.884131,-0.20195135,283.9970927650569,0.0989499085232417,0.5146315626453735,79.00245960491753,6.0,20.0
49,50.0,Man / Männlich,1.0,3.0,80.0,rennen_g_ch3_g9_compr.mp4,ch3g9,10.0,3.0,rennen,rennen_g_ch3,0.6639717949202018,16.449985561528738,1559.2719421925326,1.5833911,-0.19498916,1305.6690248706018,0.10122861299881114,0.12047234769744364,998.9557045059905,22.0,52.0
10,25.0,Man / Männlich,1.0,3.0,70.0,Donner_g_ch1_g10_compr.mp4,ch1g10,11.0,1.0,Donner,Donner_g_ch1,1.5741799295368435,12.931384763237071,391.14023171554504,1.9176054,3.5622296,365.66487525753155,0.025084652039780053,7.783691878456569,289.08313821323225,33.0,20.0
6,24.0,Woman / Weiblich,1.0,3.0,71.0,kalt_g_ch1_g6_compr.mp4,ch1g6,7.0,1.0,kalt,kalt_g_ch1,0.1758850303676078,5.170945269520569,887.7616312873679,10.630529,8.953668,695.656581990766,0.5008107348328806,0.7487961725451555,484.86578585739255,35.0,5.0
7,50.0,Woman / Weiblich,1.0,2.0,40.0,Donner_g_ch1_g7_compr.mp4,ch1g7,8.0,1.0,Donner,Donner_g_ch1,1.2007898411670852,5.506385893210776,643.1223205973118,9.902265,11.074205,790.4606298088869,0.0882342337629951,0.7009798354164412,596.9398112486675,26.0,31.0
35,15.0,Man / Männlich,2.0,4.0,43.0,leise_g_ch2_g15_compr.mp4,ch2g15,16.0,2.0,leise,leise_g_ch2,0.3989071046264261,10.495009256742664,0.0,4.787711,1.1541429,2.139832310507512,0.09747756784474931,1.8827350897494206,0.0,1.0,18.0
24,66.0,Woman / Weiblich,1.0,5.0,60.0,kalt_g_ch2_g4_compr.mp4,ch2g4,5.0,2.0,kalt,kalt_g_ch2,0.508540552447944,2.1284541025623067,1758.3333333333262,11.5197115,8.599993,732.9791416072463,0.4300386193047232,12.97918021995311,103.86473378062328,31.0,17.0
24,66.0,Woman / Weiblich,1.0,5.0,60.0,rennen_g_ch2_g4_compr.mp4,ch2g4,5.0,2.0,rennen,rennen_g_ch2,0.3285117660501387,14.749354171451834,1555.4875673289016,4.480781,-1.2010671,1243.0870754748437,0.171369212585403,0.26951417584914594,893.5067235203912,31.0,17.0
60,35.0,Man / Männlich,1.0,2.0,85.0,Donner_g_ch3_g20_compr.mp4,ch3g20,21.0,3.0,Donner,Donner_g_ch3,2.067102980016535,13.10962309319456,779.0097464352126,1.646304,3.9856434,888.0392402654261,0.36697542957095486,2.333527249675024,649.0301886490255,8.0,45.0
48,28.0,Woman / Weiblich,1.0,1.0,28.0,Donner_g_ch3_g8_compr.mp4,ch3g8,9.0,3.0,Donner,Donner_g_ch3,1.306360386722501,15.078576425749748,766.8097719087536,2.0075688,3.1107433,426.69770658755266,0.1067184826841523,1.1190115637244347,267.1504833429158,5.0,34.0
40,,,,,,langsam_g_ch2_g20_compr.mp4,ch2g20,21.0,2.0,langsam,langsam_g_ch2,1.2015108649120545,16.196101625670483,1077.8757193858507,1.1598601,1.2144338,1320.261498566568,0.5277742713764619,16.196101625670483,1077.8757193858507,,
2,24.0,Prefer not to say / Keine Angabe,1.0,7.0,17.0,kalt_g_ch1_g2_compr.mp4,ch1g2,3.0,1.0,kalt,kalt_g_ch1,0.9135297726376,3.1309919562574247,2722.7722537781137,11.436685,10.299354,3347.043235476484,0.0015042192845464708,0.8245017465958058,2722.7722537781137,2.0,23.0
14,11.0,Man / Männlich,1.0,2.0,40.0,Donner_g_ch1_g14_compr.mp4,ch1g14,15.0,1.0,Donner,Donner_g_ch1,1.138649510650942,5.335732628702192,848.0437767330093,9.9368515,11.146688,961.9268308601468,0.1618228450119764,0.479411395823095,740.5304509711218,1.0,10.0
50,62.0,Man / Männlich,1.0,2.0,75.0,rennen_g_ch3_g10_compr.mp4,ch3g10,11.0,3.0,rennen,rennen_g_ch3,0.4440238481556112,16.50987105530909,231.27447122098883,4.493094,-0.4430473,1687.5779033490992,0.21994794676459056,0.059885493780353016,1327.9974709715439,12.0,5.0
21,22.0,Non-binary / Nicht-binär,1.0,3.0,50.0,Donner_g_ch2_g1_compr.mp4,ch2g1,2.0,2.0,Donner,Donner_g_ch2,0.071846532240054,0.0,0.0,10.08515,7.0856805,447.89695686260615,1.290396928670289,16.210120424732615,359.5861666231708,,
59,27.0,Woman / Weiblich,1.0,3.0,40.0,Donner_g_ch3_g19_compr.mp4,ch3g19,20.0,3.0,Donner,Donner_g_ch3,2.4340784095874897,15.443150342869584,1428.039935084238,1.5899225,4.0479016,1265.0399629286132,0.11561704760282643,10.46663057550079,1032.5371851547138,1.0,20.0
39,39.0,Woman / Weiblich,1.0,3.0,41.0,langsam_g_ch2_g19_compr.mp4,ch2g19,20.0,2.0,langsam,langsam_g_ch2,0.6737365935355926,0.0,0.0,4.6637707,1.5656936,1968.8410024578725,0.5887198999595595,15.250789066332151,1586.7991014486431,30.0,7.0
32,24.0,Woman / Weiblich,1.0,4.0,41.0,kalt_g_ch2_g12_compr.mp4,ch2g12,13.0,2.0,kalt,kalt_g_ch2,0.7446563595999467,12.878960027399147,0.0,4.4786544,0.55188733,2065.224841076458,0.15743764623571233,9.022877464445392,1686.189862196375,12.0,29.0
2,24.0,Prefer not to say / Keine Angabe,1.0,7.0,17.0,rennen_g_ch1_g2_compr.mp4,ch1g2,3.0,1.0,rennen,rennen_g_ch1,0.3579452995646319,16.548853568299286,357.31430033271,5.2194767,-0.59914225,129.41709228557528,0.029349711558525393,0.08357848126330936,103.6957168355265,2.0,23.0
0,,,,,,Donner_g_ch1_g0_compr.mp4,ch1g0,1.0,1.0,Donner,Donner_g_ch1,1.362243460910343,16.210120424732615,359.5861666231708,1.4054153,2.2877815,,,,,,
32,24.0,Woman / Weiblich,1.0,4.0,41.0,leise_g_ch2_g12_compr.mp4,ch2g12,13.0,2.0,leise,leise_g_ch2,0.4189174023704269,1.3368280949333762,0.0,10.236926,5.871709,914.4250068367052,0.10187554526695158,11.142114399092593,646.5005514019045,12.0,29.0
23,35.0,Woman / Weiblich,1.0,4.0,43.0,kalt_g_ch2_g3_compr.mp4,ch2g3,4.0,2.0,kalt,kalt_g_ch2,0.9385791717526673,15.107634322515416,1862.1980671139495,2.145075,1.8395743,2610.853903376862,0.18320360663467017,1.3742386826545996,2074.4521789157175,24.0,26.0
23,35.0,Woman / Weiblich,1.0,4.0,43.0,rennen_g_ch2_g3_compr.mp4,ch2g3,4.0,2.0,rennen,rennen_g_ch2,0.4998809786355417,14.479839995602688,661.9808438085104,4.2320547,-0.79178727,167.84051017044615,0.1576660679088171,0.026941662348347606,10.796912525961261,24.0,26.0
13,10.0,Woman / Weiblich,1.0,2.0,50.0,Donner_g_ch1_g13_compr.mp4,ch1g13,14.0,1.0,Donner,Donner_g_ch1,0.9768266656389656,4.856321232879097,1588.574227704131,10.691151,10.292122,655.8180196068739,0.4674341555146063,9.746945833262288,495.48887670769477,15.0,5.0
5,59.0,Man / Männlich,1.0,2.0,66.0,kalt_g_ch1_g5_compr.mp4,ch1g5,6.0,1.0,kalt,kalt_g_ch1,0.6766957652004885,4.422149096975414,402.89584542997534,9.846592,9.126272,1243.1931883666566,0.18196660676189536,10.036770799274032,1012.5284006199837,1.0,20.0
57,50.0,Woman / Weiblich,1.0,2.0,30.0,rennen_g_ch3_g17_compr.mp4,ch3g17,18.0,3.0,rennen,rennen_g_ch3,0.7006708805097734,14.893506064150474,249.45906455060373,2.630618,-0.26355946,71.85669096586379,0.1296023302080107,1.5823404871524183,44.238709068294696,29.0,50.0
26,,Woman / Weiblich,,,,Donner_g_ch2_g6_compr.mp4,ch2g6,7.0,2.0,Donner,Donner_g_ch2,1.2651513020899432,15.84939615877209,1957.2513038070333,1.9755247,2.8014438,1891.922823521542,0.2885653159439734,2.042839733161271,1105.9881808082455,,
35,15.0,Man / Männlich,2.0,4.0,43.0,kalt_g_ch2_g15_compr.mp4,ch2g15,16.0,2.0,kalt,kalt_g_ch2,1.040004815251913,14.607562154877137,1491.6666666666592,2.9722104,1.4600569,1434.305451171513,0.30020067237075965,1.2269542682680523,1014.2059352970531,1.0,18.0
5,59.0,Man / Männlich,1.0,2.0,66.0,rennen_g_ch1_g5_compr.mp4,ch1g5,6.0,1.0,rennen,rennen_g_ch1,0.5713229233159509,16.957245958659023,443.0654226203801,3.812205,-0.47669017,325.9127179591984,0.1191503943850103,0.9266190184404728,261.2868266145779,1.0,20.0
27,13.0,Woman / Weiblich,2.0,5.0,73.0,rennen_g_ch2_g7_compr.mp4,ch2g7,8.0,2.0,rennen,rennen_g_ch2,0.4709395041469979,14.988435043873851,832.6641559424065,4.6044254,-0.7289175,753.4404073765604,0.03901575492021192,1.5063401518971116,611.201350430302,,
27,13.0,Woman / Weiblich,2.0,5.0,73.0,kalt_g_ch2_g7_compr.mp4,ch2g7,8.0,2.0,kalt,kalt_g_ch2,0.6411617628366764,4.326645743441878,833.8057537252391,10.0168495,9.12722,351.8476178129813,0.36264409151338706,0.3893728611112568,283.583762965274,,
36,15.0,Man / Männlich,1.0,3.0,45.0,leise_g_ch2_g16_compr.mp4,ch2g16,17.0,2.0,leise,leise_g_ch2,0.4618681111732807,1.070109492479206,0.0,10.035826,5.8516965,12.778551427585075,0.0629610065468546,9.424899764263458,0.0,0.0,2.0
4,60.0,Woman / Weiblich,1.0,3.0,86.0,Donner_g_ch1_g4_compr.mp4,ch1g4,5.0,1.0,Donner,Donner_g_ch1,1.704077021509622,16.673096111950773,832.3460885744722,1.8146057,3.7523015,225.23780924842364,0.651022914248121,0.398811381472985,164.55856613468495,28.0,26.0
31,36.0,Woman / Weiblich,1.0,5.0,12.0,kalt_g_ch2_g11_compr.mp4,ch2g11,12.0,2.0,kalt,kalt_g_ch2,0.5872187133642344,3.8560825629537554,1686.189862196375,11.11271,9.536083,282.97371121862096,0.293053265920574,9.40772518930817,37.46829653538339,9.0,39.0
1,26.0,Woman / Weiblich,1.0,3.0,40.0,rennen_g_ch1_g1_compr.mp4,ch1g1,2.0,1.0,rennen,rennen_g_ch1,0.3872950111231573,16.632432049562595,253.6185834971835,5.27637,-0.4500278,54.721940698576816,0.08664618032777299,0.20875094501018765,31.08879049385186,,
22,59.0,Woman / Weiblich,1.0,3.0,69.0,Donner_g_ch2_g2_compr.mp4,ch2g2,3.0,2.0,Donner,Donner_g_ch2,1.2532723525644245,15.28923254699679,1866.6998509230525,1.5917888,2.221524,2334.2607715611935,1.1814258203243706,15.28923254699679,1866.6998509230525,37.0,19.0
53,32.0,Woman / Weiblich,1.0,3.0,50.0,rennen_g_ch3_g13_compr.mp4,ch3g13,14.0,3.0,rennen,rennen_g_ch3,0.3937550486638614,16.158518396921085,385.5504298560402,5.232516,-0.3453629,517.2001173642553,0.2041852547263942,1.2425823620434553,421.9088960557385,11.0,3.0
1,26.0,Woman / Weiblich,1.0,3.0,40.0,kalt_g_ch1_g1_compr.mp4,ch1g1,2.0,1.0,kalt,kalt_g_ch1,0.9120255533530536,3.9554937028532304,0.0,9.751485,9.605611,867.7740443988579,0.19430916860411662,0.41918505338798084,633.3384386243793,,
17,,Woman / Weiblich,,,,Donner_g_ch1_g17_compr.mp4,ch1g17,18.0,1.0,Donner,Donner_g_ch1,0.6412239597168634,4.936207718789266,272.5345295549816,9.879021,9.108745,881.7511056562698,0.35136787463924657,10.879786156709228,719.461786534132,,
29,69.0,Woman / Weiblich,1.0,4.0,45.0,leise_g_ch2_g9_compr.mp4,ch2g9,10.0,2.0,leise,leise_g_ch2,0.4342553221834197,1.1996782264264405,1174.2018565817348,11.711289,6.9410715,1660.5728055445295,0.23940218481951453,0.4108801343041495,1174.2018565817348,11.0,35.0
51,21.0,Man / Männlich,1.0,2.0,60.0,leise_g_ch3_g11_compr.mp4,ch3g11,12.0,3.0,leise,leise_g_ch3,0.1005515943986815,2.2259366183885247,862.369152715677,11.068899,6.591781,1219.5764107745915,0.279738426523952,1.4659012335484536,862.369152715677,41.0,15.0
21,22.0,Non-binary / Nicht-binär,1.0,3.0,50.0,langsam_g_ch2_g1_compr.mp4,ch2g1,2.0,2.0,langsam,langsam_g_ch2,0.6913367448264444,16.193536922709786,1986.4804909226705,2.750553,1.670154,1846.1920599194289,0.08030190447745233,0.5501018293578745,1507.3127906059651,,
56,21.0,Man / Männlich,2.0,2.0,80.0,kalt_g_ch3_g16_compr.mp4,ch3g16,17.0,3.0,kalt,kalt_g_ch3,0.765060380861269,14.283294529338374,2783.3333333333285,2.7691793,1.9262035,1906.005619707168,0.01785128770333433,10.482882940669612,1517.2194188515275,1.0,50.0
48,28.0,Woman / Weiblich,1.0,1.0,28.0,langsam_g_ch3_g8_compr.mp4,ch3g8,9.0,3.0,langsam,langsam_g_ch3,1.0218971234810996,15.445071665553057,1473.5312617930504,0.8180736,0.121677056,206.63179111528945,0.027166476283382313,0.026604970384704885,141.2389086423177,5.0,34.0
10,25.0,Man / Männlich,1.0,3.0,70.0,langsam_g_ch1_g10_compr.mp4,ch1g10,11.0,1.0,langsam,langsam_g_ch1,0.7921837653702636,15.242999287938805,988.6393832694628,0.706444,0.026311783,687.4717118987289,0.420063871532894,0.36801251797951906,300.17787526316533,33.0,20.0
34,14.0,Man / Männlich,3.0,5.0,61.0,rennen_g_ch2_g14_compr.mp4,ch2g14,15.0,2.0,rennen,rennen_g_ch2,1.261931258169834,16.54849738204434,267.795963686957,0.8142169,1.0467759,374.18087225874046,0.8163111657149599,0.9695826748320204,238.35154527155487,41.0,19.0
7,50.0,Woman / Weiblich,1.0,2.0,40.0,langsam_g_ch1_g7_compr.mp4,ch1g7,8.0,1.0,langsam,langsam_g_ch1,0.5716923647644345,15.618546503003149,1713.5097162475463,1.6270026,-0.6113271,544.6206885798817,0.1279163041313024,0.5797563617711425,438.85794548579406,26.0,31.0
25,33.0,Man / Männlich,1.0,2.0,80.0,langsam_g_ch2_g5_compr.mp4,ch2g5,6.0,2.0,langsam,langsam_g_ch2,0.3507635637954065,16.495163693893456,878.2309481768942,2.4155824,-0.92109233,2486.2814071858916,0.25942836068210906,1.2819530539689001,1812.6885473399275,33.0,20.0
55,20.0,Woman / Weiblich,2.0,4.0,30.0,leise_g_ch3_g15_compr.mp4,ch3g15,16.0,3.0,leise,leise_g_ch3,0.392708910765481,1.1335464934206083,0.0,10.09522,6.1126275,13.298984416307814,0.08948447267323834,9.936305098789667,0.0,6.0,40.0
40,,,,,,Donner_g_ch2_g20_compr.mp4,ch2g20,21.0,2.0,Donner,Donner_g_ch2,2.0701034564207603,15.349615114606433,776.8264598198779,1.067227,1.5787836,213.33049887818763,0.577922403310156,0.24296680143284632,127.98640737713174,,
60,35.0,Man / Männlich,1.0,2.0,85.0,langsam_g_ch3_g20_compr.mp4,ch3g20,21.0,3.0,langsam,langsam_g_ch3,1.0786005275073614,14.674194114135537,2278.352732446171,0.788201,0.41264477,659.7492624942081,0.1485477209820023,1.2866120345239391,395.3637338829094,8.0,45.0
18,19.0,Woman / Weiblich,1.0,2.0,64.0,leise_g_ch1_g18_compr.mp4,ch1g18,19.0,1.0,leise,leise_g_ch1,0.5053718659011465,1.689460717431721,0.0,10.465455,5.4455953,3.39731486902454,0.032838906207916185,0.18878584180128688,0.0,,
44,28.0,Woman / Weiblich,1.0,5.0,46.0,leise_g_ch3_g4_compr.mp4,ch3g4,5.0,3.0,leise,leise_g_ch3,0.2901321056466509,2.6652020637129232,243.78077394238,10.993784,6.4584327,344.7627598492589,0.1486093301318262,1.0926925652799457,243.78077394238,13.0,27.0
3,32.0,Woman / Weiblich,1.0,3.0,60.0,langsam_g_ch1_g3_compr.mp4,ch1g3,4.0,1.0,langsam,langsam_g_ch1,0.6235714000555345,16.748167870177387,310.051583452853,4.649265,-0.028383672,130.6006699664564,0.10244734036668979,0.8584888711615442,99.56872168781973,8.0,43.0
14,11.0,Man / Männlich,1.0,2.0,40.0,langsam_g_ch1_g14_compr.mp4,ch1g14,15.0,1.0,langsam,langsam_g_ch1,0.818556570413341,16.409563020804157,1553.8824956599733,0.9510837,-0.06774451,801.2181470242316,0.04587472234614687,0.09688623234252347,611.3838675982001,1.0,10.0
30,45.0,Woman / Weiblich,1.0,2.0,51.0,rennen_g_ch2_g10_compr.mp4,ch2g10,11.0,2.0,rennen,rennen_g_ch2,0.6447100496407853,16.079455382276688,537.5572274900528,3.3642151,0.29899588,325.05083993221706,0.01733503224061661,0.3716309564030631,158.01186443885717,24.0,6.0
39,39.0,Woman / Weiblich,1.0,3.0,41.0,Donner_g_ch2_g19_compr.mp4,ch2g19,20.0,2.0,Donner,Donner_g_ch2,1.4921810531106043,15.59258191603928,648.8400524427461,1.0031955,1.5055712,540.8142400132606,0.2793605227105649,0.430753023575992,387.100455228893,30.0,7.0
52,21.0,Man / Männlich,1.0,3.0,53.0,kalt_g_ch3_g12_compr.mp4,ch3g12,13.0,3.0,kalt,kalt_g_ch3,0.6087887366163132,1.9179241502177713,3922.415396054629,11.73702,10.502884,4446.49542856924,0.1429865286956712,1.6823285105165366,3622.1334105254728,0.0,7.0
59,27.0,Woman / Weiblich,1.0,3.0,40.0,langsam_g_ch3_g19_compr.mp4,ch3g19,20.0,3.0,langsam,langsam_g_ch3,0.930052806525359,15.960806148659476,1882.9889985632617,1.4721249,0.11032736,1229.012320005416,0.19280975062649908,0.4168596933092559,996.4093370227336,1.0,20.0
0,,,,,,leise_g_ch2_g0_compr.mp4,ch2g0,1.0,2.0,leise,leise_g_ch2,0.3140659400090962,1.4793963053877943,746.6127212655551,11.315003,6.6873426,,,,,,
0,,,,,,leise_g_ch3_g0_compr.mp4,ch3g0,1.0,3.0,leise,leise_g_ch3,0.3140659400090962,1.4793963053877943,746.6127212655551,11.315003,6.6873426,,,,,,
0,,,,,,langsam_g_ch2_g0_compr.mp4,ch2g0,1.0,2.0,langsam,langsam_g_ch2,0.7716386493038967,16.74363875206766,479.1677003167054,2.98836,-0.26691127,,,,,,
0,,,,,,langsam_g_ch3_g0_compr.mp4,ch3g0,1.0,3.0,langsam,langsam_g_ch3,0.7716386493038967,16.74363875206766,479.1677003167054,2.98836,-0.26691127,,,,,,
0,,,,,,rennen_g_ch2_g0_compr.mp4,ch2g0,1.0,2.0,rennen,rennen_g_ch2,0.4739411914509303,16.841182994572783,222.52979300333163,3.5265749,0.19679323,,,,,,
0,,,,,,rennen_g_ch3_g0_compr.mp4,ch3g0,1.0,3.0,rennen,rennen_g_ch3,0.4739411914509303,16.841182994572783,222.52979300333163,3.5265749,0.19679323,,,,,,
0,,,,,,Donner_g_ch2_g0_compr.mp4,ch2g0,1.0,2.0,Donner,Donner_g_ch2,1.362243460910343,16.210120424732615,359.5861666231708,1.4054153,2.2877815,,,,,,
0,,,,,,Donner_g_ch3_g0_compr.mp4,ch3g0,1.0,2.0,Donner,Donner_g_ch3,1.362243460910343,16.210120424732615,359.5861666231708,1.4054153,2.2877815,,,,,,
0,,,,,,kalt_g_ch2_g0_compr.mp4,ch2g0,1.0,2.0,kalt,kalt_g_ch2,0.717716384748937,4.374678756241211,633.3384386243793,9.861269,9.1424885,,,,,,
0,,,,,,kalt_g_ch3_g0_compr.mp4,ch3g0,1.0,2.0,kalt,kalt_g_ch3,0.717716384748937,4.374678756241211,633.3384386243793,9.861269,9.1424885,,,,,,
