participantID,Age,Gender,NumOfNativeLanguages,TotalLanguages,Extroversion,fileID,chainID,generation_number,chain_number,gesture,gesture_chain,total_gesture_space2D,total_body_entropy2Daggregated,total_body_variability2Daggregated,X_embeddings,Y_embeddings,total_distance,diff_in_gesture_space,diff_in_entropy,diff_in_variability,diff_in_age,diff_in_extrovet,diff_in_gender,diff_in_TotalLanguages,diff_in_TotalNativeLanguages
52,21.0,Man / Männlich,1.0,3.0,53.0,rennen_g_ch3_g12_compr.mp4,ch3g12,13.0,3.0,rennen,rennen_g_ch3,0.5979403033902556,2.5093156146669253,410.1945253304973,-3.0680125,-3.5812445,626.672606653352,0.2504847442474503,0.8596463775736201,410.1945253304973,0.0,7.0,0.0,1.0,0.0
23,35.0,Woman / Weiblich,1.0,4.0,43.0,Donner_g_ch2_g3_compr.mp4,ch2g3,4.0,2.0,Donner,Donner_g_ch2,1.6492303632373662,2.217183466840702,1069.9024993076182,-3.1497614,0.2117529,832.7324995018395,0.3959580106729417,0.43008698846360627,212.48050620964977,24.0,26.0,0.0,1.0,0.0
0,,,,,,kalt_g_ch1_g0_compr.mp4,ch1g0,1.0,1.0,kalt,kalt_g_ch1,0.717716384748937,1.9775376488899203,41.57397096415653,6.101804,2.3032367,,,,,,,,,
16,27.0,Man / Männlich,1.0,2.0,30.0,Donner_g_ch1_g16_compr.mp4,ch1g16,17.0,1.0,Donner,Donner_g_ch1,0.99259183435611,2.7296302051250643,306.97586566172833,-3.3345895,-1.9502515,277.4058128249511,0.11896517244428706,0.057398107626910555,67.79287128065184,17.0,40.0,1.0,3.0,0.0
30,45.0,Woman / Weiblich,1.0,2.0,51.0,kalt_g_ch2_g10_compr.mp4,ch2g10,11.0,2.0,kalt,kalt_g_ch2,0.8802719792848084,2.0070703317246603,1124.4134273280372,-3.2594783,-1.5827974,1673.608878597886,0.1963658900675994,0.7152036923561282,1124.4134273280372,24.0,6.0,0.0,2.0,0.0
0,,,,,,rennen_g_ch1_g0_compr.mp4,ch1g0,1.0,1.0,rennen,rennen_g_ch1,0.4739411914509303,2.770837946956412,157.54895596409713,-3.8187609,-3.1597028,,,,,,,,,
37,52.0,Woman / Weiblich,2.0,3.0,74.0,leise_g_ch2_g17_compr.mp4,ch2g17,18.0,2.0,leise,leise_g_ch2,0.2387773443073045,0.6748168055540409,2433.333333333336,7.0282006,-0.19350861,3447.151473216555,0.2230907668659762,0.4432483536494385,2433.333333333336,37.0,29.0,1.0,0.0,1.0
26,,Woman / Weiblich,,,,kalt_g_ch2_g6_compr.mp4,ch2g6,7.0,2.0,kalt,kalt_g_ch2,0.2785176713232893,2.248309322123227,352.6130137984142,6.4311924,1.8808547,526.354226901466,0.4083525677314057,0.9226403582928,352.6130137984142,,,,,
5,59.0,Man / Männlich,1.0,2.0,66.0,Donner_g_ch1_g5_compr.mp4,ch1g5,6.0,1.0,Donner,Donner_g_ch1,1.8229811918265315,2.389564538954695,1136.564022735985,-2.7481668,0.54316115,1168.740403716458,0.11890417031690959,0.496367190212724,755.5019105635304,1.0,20.0,1.0,1.0,0.0
26,,Woman / Weiblich,,,,rennen_g_ch2_g6_compr.mp4,ch2g6,7.0,2.0,rennen,rennen_g_ch2,0.431923749226786,2.8747045429439857,78.9905448318947,-2.812828,-4.372026,129.6850616855059,0.056085254873838974,0.02766514806734799,50.02297036715122,,,,,
34,14.0,Man / Männlich,3.0,5.0,61.0,kalt_g_ch2_g14_compr.mp4,ch2g14,15.0,2.0,kalt,kalt_g_ch2,0.7398041428811534,1.7197351770578493,672.3829009069904,-2.9067252,-2.1184158,986.996730756573,0.2795621695293379,0.3867445178143687,672.3829009069904,41.0,19.0,0.0,3.0,2.0
4,60.0,Woman / Weiblich,1.0,3.0,86.0,rennen_g_ch1_g4_compr.mp4,ch1g4,5.0,1.0,rennen,rennen_g_ch1,0.6904733177009612,2.682879142104043,52.70462766947408,-3.4956913,-4.365727,18.18874671155756,0.07104163411514053,0.1602087225777722,11.509377808461387,28.0,26.0,0.0,0.0,0.0
12,25.0,Man / Männlich,1.0,4.0,55.0,Donner_g_ch1_g12_compr.mp4,ch1g12,13.0,1.0,Donner,Donner_g_ch1,1.444260821153572,2.349245139874307,658.333333333331,-2.9224906,0.18350452,798.4301423121013,0.11788240848628484,0.3535601873396548,273.35297468732176,0.0,21.0,1.0,0.0,0.0
4,60.0,Woman / Weiblich,1.0,3.0,86.0,kalt_g_ch1_g4_compr.mp4,ch1g4,5.0,1.0,kalt,kalt_g_ch1,0.8586623719623838,1.897022815603665,472.7374806629834,-3.061056,-1.867355,633.9510166153856,0.2792039081751164,0.0493084611081418,585.0904826656438,28.0,26.0,0.0,0.0,0.0
27,13.0,Woman / Weiblich,2.0,5.0,73.0,Donner_g_ch2_g7_compr.mp4,ch2g7,8.0,2.0,Donner,Donner_g_ch2,1.3581600220980727,2.452002836332418,778.8167663549345,-4.2211785,-0.18428826,447.9247002248249,0.09300872000812954,0.031794200727846444,274.92779669944457,,,,,
56,21.0,Man / Männlich,2.0,2.0,80.0,rennen_g_ch3_g16_compr.mp4,ch3g16,17.0,3.0,rennen,rennen_g_ch3,0.5710685503017627,2.449514451641172,55.53287518900424,-3.7051432,-3.566739,419.13391133322585,0.10867437144298825,0.3443513033455843,146.02214479058264,1.0,50.0,1.0,2.0,0.0
22,59.0,Woman / Weiblich,1.0,3.0,69.0,rennen_g_ch2_g2_compr.mp4,ch2g2,3.0,2.0,rennen,rennen_g_ch2,0.3422149107267246,2.7907308385666725,419.4635082529378,-3.8059995,-3.39283,362.24113843043335,0.11120590958705792,0.09467196500630504,261.81492368360983,37.0,19.0,1.0,0.0,0.0
1,26.0,Woman / Weiblich,1.0,3.0,40.0,Donner_g_ch1_g1_compr.mp4,ch1g1,2.0,1.0,Donner,Donner_g_ch1,1.0330680436436337,2.880487878848849,450.0000000000008,6.692753,4.0306983,481.6820619244105,0.3291754172667094,0.01736576340005902,168.8120438804915,,,,,
22,59.0,Woman / Weiblich,1.0,3.0,69.0,kalt_g_ch2_g2_compr.mp4,ch2g2,3.0,2.0,kalt,kalt_g_ch2,0.7553755651179971,1.2439698328433757,1946.998322838472,-2.427634,-1.0226779,623.3228032149315,0.1700352327460053,0.38897567998752103,162.52146983956732,37.0,19.0,1.0,0.0,0.0
33,55.0,Man / Männlich,1.0,2.0,80.0,leise_g_ch2_g13_compr.mp4,ch2g13,14.0,2.0,leise,leise_g_ch2,0.5572636839351472,1.9390884309547003,918.6342519680442,-2.3570337,-2.429206,1300.7451831131575,0.13834628156472034,0.4231738296974932,918.6342519680442,31.0,39.0,1.0,2.0,0.0
38,9.0,Woman / Weiblich,1.0,2.0,48.0,Donner_g_ch2_g18_compr.mp4,ch2g18,19.0,2.0,Donner,Donner_g_ch2,1.7715415758211692,2.7747096955972133,453.19714730015113,-5.2563004,-0.36431813,402.3502250487251,0.30261081314829474,0.016027808925560105,7.076458877098844,43.0,26.0,0.0,1.0,1.0
58,28.0,Man / Männlich,1.0,2.0,60.0,langsam_g_ch3_g18_compr.mp4,ch3g18,19.0,3.0,langsam,langsam_g_ch3,0.73724305589886,2.782058532478033,475.1607914988132,-4.5123925,-1.7826786,339.3035859858018,0.05926395786697847,0.16220150877875295,53.61634008483526,22.0,30.0,1.0,0.0,0.0
20,,,,,,leise_g_ch1_g20_compr.mp4,ch1g20,21.0,1.0,leise,leise_g_ch1,0.1760033229053797,1.050575079883999,1549.9318981454967,7.020022,-0.20981978,1145.8584122939649,0.1570255061934512,0.02518667094394411,123.91698990697955,,,,,
53,32.0,Woman / Weiblich,1.0,3.0,50.0,kalt_g_ch3_g13_compr.mp4,ch3g13,14.0,3.0,kalt,kalt_g_ch3,0.8686045357069574,1.766638997208885,1233.333333333332,7.526372,2.538849,1381.1983694723665,0.25981579909064423,0.8788483658697016,791.6666666666631,11.0,3.0,1.0,0.0,0.0
45,43.0,Woman / Weiblich,1.0,4.0,50.0,leise_g_ch3_g5_compr.mp4,ch3g5,6.0,3.0,leise,leise_g_ch3,0.4926345440037805,0.7513983113190364,2406.6266540225724,6.951582,-0.33120713,3067.627795582407,0.2025024383571296,1.9786582792221905,2163.3282744370986,15.0,4.0,0.0,1.0,0.0
15,44.0,Woman / Weiblich,1.0,5.0,70.0,langsam_g_ch1_g15_compr.mp4,ch1g15,16.0,1.0,langsam,langsam_g_ch1,0.8278048746924972,2.8274204364287625,555.9205150447442,-5.8640413,-1.8826207,467.4087031277162,0.009248304279156239,0.025558768438652457,404.3707085244042,33.0,30.0,1.0,3.0,0.0
31,36.0,Woman / Weiblich,1.0,5.0,12.0,rennen_g_ch2_g11_compr.mp4,ch2g11,12.0,2.0,rennen,rennen_g_ch2,0.5923829005981677,2.705270399193047,151.68803268306593,-3.4136815,-4.3669906,354.42182339767106,0.05232714904261759,0.11944039240252424,286.6529956759715,9.0,39.0,0.0,3.0,0.0
2,24.0,Prefer not to say / Keine Angabe,1.0,7.0,17.0,langsam_g_ch1_g2_compr.mp4,ch1g2,3.0,1.0,langsam,langsam_g_ch1,0.5211240596888447,2.8543433858418563,239.76840677805816,-2.9774163,-4.1807704,220.1891294409297,0.08469109250566376,0.07695849133858212,200.89539414575657,2.0,23.0,1.0,4.0,0.0
19,57.0,Woman / Weiblich,1.0,2.0,39.0,leise_g_ch1_g19_compr.mp4,ch1g19,20.0,1.0,leise,leise_g_ch1,0.3330288290988309,1.0757617508279431,1426.0149082385171,6.8310876,-0.5666273,1938.780814165079,0.17234303680231555,0.6870443013214618,1426.0149082385171,38.0,25.0,0.0,0.0,0.0
24,66.0,Woman / Weiblich,1.0,5.0,60.0,langsam_g_ch2_g4_compr.mp4,ch2g4,5.0,2.0,langsam,langsam_g_ch2,0.6101919244775156,2.4540319255003316,664.3013595472241,-5.8169866,-2.131699,1888.1664882779407,0.6471237059302732,0.4230448771778632,319.0290569178877,31.0,17.0,0.0,1.0,0.0
54,26.0,Non-binary / Nicht-binär,1.0,2.0,70.0,leise_g_ch3_g14_compr.mp4,ch3g14,15.0,3.0,leise,leise_g_ch3,0.4821933834387193,1.3500512732174712,0.0,-1.9248742,-2.4482248,1154.9826238137794,0.050052211915945,0.6488097818030256,816.6666666666683,6.0,20.0,1.0,1.0,0.0
6,24.0,Woman / Weiblich,1.0,3.0,71.0,langsam_g_ch1_g6_compr.mp4,ch1g6,7.0,1.0,langsam,langsam_g_ch1,0.6996086688957369,2.8139073335683062,766.8125867575953,-4.454284,-2.618392,582.7472833024624,0.29591555398650304,0.03249375251637021,424.83215269163657,35.0,5.0,1.0,1.0,0.0
11,25.0,Woman / Weiblich,1.0,4.0,76.0,langsam_g_ch1_g11_compr.mp4,ch1g11,12.0,1.0,langsam,langsam_g_ch1,0.2417254450011217,0.0,0.0,-2.1832316,-2.6391478,829.647859974879,0.5504583203691419,2.7610779163719585,393.31691166627286,0.0,6.0,1.0,1.0,0.0
35,15.0,Man / Männlich,2.0,4.0,43.0,rennen_g_ch2_g15_compr.mp4,ch2g15,16.0,2.0,rennen,rennen_g_ch2,1.3332030775950603,2.4330476445343217,161.9327706865466,-5.7162237,-0.63699496,466.1861579983027,0.0712718194252262,0.329314545921628,57.30379658174937,1.0,18.0,0.0,1.0,1.0
41,29.0,Woman / Weiblich,1.0,3.0,50.0,leise_g_ch3_g1_compr.mp4,ch3g1,2.0,3.0,leise,leise_g_ch3,0.4681719869257685,2.072904641892672,750.0000000000009,6.38305,-1.028728,4.838815018961524,0.1541060469166723,0.49279161410684136,3.387278734445772,,,,,
57,50.0,Woman / Weiblich,1.0,2.0,30.0,kalt_g_ch3_g17_compr.mp4,ch3g17,18.0,3.0,kalt,kalt_g_ch3,0.7986542803771879,1.4035980213865342,1658.3333333333285,-2.4529104,-0.997858,1737.563686544094,0.033593899515918846,1.0032701410798508,1658.3333333333285,29.0,50.0,1.0,0.0,1.0
49,50.0,Man / Männlich,1.0,3.0,80.0,langsam_g_ch3_g9_compr.mp4,ch3g9,10.0,3.0,langsam,langsam_g_ch3,1.251284402989284,2.84943341534931,508.8698927116237,-6.0598307,-1.0836232,342.18144120241516,0.22938727950818438,0.19119278821450392,272.0572628043217,22.0,52.0,1.0,2.0,0.0
50,62.0,Man / Männlich,1.0,2.0,75.0,leise_g_ch3_g10_compr.mp4,ch3g10,11.0,3.0,leise,leise_g_ch3,0.3802900209226335,0.8217875378695645,2541.666666666674,6.8204017,-0.5999626,2645.919567947857,0.6846279749959792,0.5336153721913275,971.6741369997574,12.0,5.0,0.0,1.0,0.0
28,80.0,Woman / Weiblich,1.0,1.0,80.0,leise_g_ch2_g8_compr.mp4,ch2g8,9.0,2.0,leise,leise_g_ch2,0.1948531373639052,2.199466730741909,0.0,5.472389,-1.0230913,9.394232297291495,0.4805129167633325,0.43709298603527746,0.0,67.0,7.0,0.0,4.0,1.0
1,26.0,Woman / Weiblich,1.0,3.0,40.0,langsam_g_ch1_g1_compr.mp4,ch1g1,2.0,1.0,langsam,langsam_g_ch1,0.4364329671831809,2.777384894503274,38.87301263230159,-3.0486228,-4.2707696,225.14102993486756,0.3352056821207158,0.11641468481124795,122.14228454757853,,,,,
32,24.0,Woman / Weiblich,1.0,4.0,41.0,rennen_g_ch2_g12_compr.mp4,ch2g12,13.0,2.0,rennen,rennen_g_ch2,0.5067672740046956,2.766757801928988,434.4344983232043,-5.6439867,-2.7453952,289.09649755915996,0.0856156265934721,0.061487402735940666,282.74646564013835,12.0,29.0,0.0,1.0,0.0
16,27.0,Man / Männlich,1.0,2.0,30.0,langsam_g_ch1_g16_compr.mp4,ch1g16,17.0,1.0,langsam,langsam_g_ch1,0.788845875511428,2.4049181147627072,751.6297108431811,-5.5675106,-1.8183692,287.93723989606343,0.038958999181069154,0.4225023216660553,195.7091957984369,17.0,40.0,1.0,3.0,0.0
46,26.0,Woman / Weiblich,1.0,3.0,75.0,leise_g_ch3_g6_compr.mp4,ch3g6,7.0,3.0,leise,leise_g_ch3,1.0655721883761704,1.8392183551739625,491.6666666666474,7.3211484,2.7503202,2610.744806095781,0.5729376443723899,1.0878200438549261,1914.959987355925,17.0,25.0,0.0,1.0,0.0
50,62.0,Man / Männlich,1.0,2.0,75.0,kalt_g_ch3_g10_compr.mp4,ch3g10,11.0,3.0,kalt,kalt_g_ch3,0.9799670971983874,1.8490801232812184,816.6666666666681,7.214094,2.7743685,1383.4499620112451,0.20970859507248107,0.8600231522534508,816.6666666666681,12.0,5.0,0.0,1.0,0.0
9,58.0,Woman / Weiblich,1.0,1.0,50.0,leise_g_ch1_g9_compr.mp4,ch1g9,10.0,1.0,leise,leise_g_ch1,0.4706665665639193,1.1842749463334514,1941.6666666666615,7.2389216,1.8739232,2551.82541266085,0.0898065913975033,0.3616161392545151,341.66666666666583,34.0,4.0,0.0,4.0,3.0
57,50.0,Woman / Weiblich,1.0,2.0,30.0,leise_g_ch3_g17_compr.mp4,ch3g17,18.0,3.0,leise,leise_g_ch3,0.5556199111090946,1.4034111310148396,0.0,4.7514567,-1.258335,4802.440269498902,0.2250992104743726,0.36796701847545177,3400.000000000021,29.0,50.0,1.0,0.0,1.0
27,13.0,Woman / Weiblich,2.0,5.0,73.0,langsam_g_ch2_g7_compr.mp4,ch2g7,8.0,2.0,langsam,langsam_g_ch2,1.2132170665845683,2.707587164794328,650.6907387538282,-4.2967677,-0.5631254,719.3712386253094,0.7313642553404376,0.17432544132185823,239.47875788523368,,,,,
54,26.0,Non-binary / Nicht-binär,1.0,2.0,70.0,kalt_g_ch3_g14_compr.mp4,ch3g14,15.0,3.0,kalt,kalt_g_ch3,0.9788278332395054,1.3420186393909863,1291.6666666666647,7.6579256,2.4120882,201.63080672900065,0.110223297532548,0.42462035781789864,58.3333333333328,6.0,20.0,1.0,1.0,0.0
42,35.0,Man / Männlich,2.0,4.0,30.0,leise_g_ch3_g2_compr.mp4,ch3g2,3.0,3.0,leise,leise_g_ch3,0.5146494158049024,2.291994362639417,0.0,5.2006087,-1.2770442,1060.6609320345435,0.04647742887913392,0.21908972074674482,750.0000000000009,6.0,20.0,1.0,1.0,1.0
36,15.0,Man / Männlich,1.0,3.0,45.0,rennen_g_ch2_g16_compr.mp4,ch2g16,17.0,2.0,rennen,rennen_g_ch2,1.210446305391077,2.6701909675599635,388.90508550657967,-5.606911,-0.49895763,439.26682588328225,0.12275677220398329,0.2371433230256419,226.97231482003306,0.0,2.0,0.0,1.0,1.0
12,25.0,Man / Männlich,1.0,4.0,55.0,langsam_g_ch1_g12_compr.mp4,ch1g12,13.0,1.0,langsam,langsam_g_ch1,0.5191652834674738,2.7811398432290315,514.6110778087835,-6.050704,-2.197273,751.0322350693748,0.2774398384663521,2.7811398432290315,514.6110778087835,0.0,21.0,1.0,0.0,0.0
5,59.0,Man / Männlich,1.0,2.0,66.0,langsam_g_ch1_g5_compr.mp4,ch1g5,6.0,1.0,langsam,langsam_g_ch1,0.99552422288224,2.781413581051936,341.9804340659588,-3.836121,-1.955476,465.77959488404366,0.15461979798024716,0.03845919373619111,203.5595634492439,1.0,20.0,1.0,1.0,0.0
19,57.0,Woman / Weiblich,1.0,2.0,39.0,kalt_g_ch1_g19_compr.mp4,ch1g19,20.0,1.0,kalt,kalt_g_ch1,0.8467918770172608,1.8893167904916812,743.6351237528448,7.073507,2.6524613,1034.82263155436,0.13901663801915487,0.4984912807732884,743.6351237528448,38.0,25.0,0.0,0.0,0.0
23,35.0,Woman / Weiblich,1.0,4.0,43.0,langsam_g_ch2_g3_compr.mp4,ch2g3,4.0,2.0,langsam,langsam_g_ch2,1.2573156304077888,2.8770768026781948,345.2723026293364,-5.2715707,-1.6751827,291.4736069303694,0.32304672906565,0.03923138369832602,16.190533557795277,24.0,26.0,0.0,1.0,0.0
53,32.0,Woman / Weiblich,1.0,3.0,50.0,leise_g_ch3_g13_compr.mp4,ch3g13,14.0,3.0,leise,leise_g_ch3,0.4321411715227743,1.9988610550204968,816.6666666666683,6.3942676,-1.0528326,1154.942232177201,0.02945801808963966,0.5562623352319742,816.6666666666683,11.0,3.0,1.0,0.0,0.0
20,,,,,,kalt_g_ch1_g20_compr.mp4,ch1g20,21.0,1.0,kalt,kalt_g_ch1,0.7348127922040295,1.2607697145562609,0.0,5.6194644,1.5353026,1074.9287653453052,0.11197908481323127,0.6285470759354204,743.6351237528448,,,,,
58,28.0,Man / Männlich,1.0,2.0,60.0,Donner_g_ch3_g18_compr.mp4,ch3g18,19.0,3.0,Donner,Donner_g_ch3,2.3184613619846632,2.308860132517771,1104.396377223632,6.068626,5.2196803,1609.7557539583129,0.39073591918282324,0.21763157935898692,841.1075858664594,22.0,30.0,1.0,0.0,0.0
33,55.0,Man / Männlich,1.0,2.0,80.0,kalt_g_ch2_g13_compr.mp4,ch2g13,14.0,2.0,kalt,kalt_g_ch2,1.0193663124104912,1.3329906592434806,0.0,-3.0291443,-1.9052296,1200.000507645851,0.27470995281054456,0.4942754984414841,0.0,31.0,39.0,1.0,2.0,0.0
3,32.0,Woman / Weiblich,1.0,3.0,60.0,rennen_g_ch1_g3_compr.mp4,ch1g3,4.0,1.0,rennen,rennen_g_ch1,0.6194316835858207,2.843087864681815,41.19524986101269,-3.3488348,-4.3796625,131.59048433662852,0.2614863840211888,0.0742917246086292,27.35454280150436,8.0,43.0,1.0,4.0,0.0
38,9.0,Woman / Weiblich,1.0,2.0,48.0,langsam_g_ch2_g18_compr.mp4,ch2g18,19.0,2.0,langsam,langsam_g_ch2,1.262456493495152,2.7742230652539175,594.8308424573704,-5.227402,-0.72391236,599.0245934491853,0.26729209039889146,0.05641640724202146,554.8218828857628,43.0,26.0,0.0,1.0,1.0
3,32.0,Woman / Weiblich,1.0,3.0,60.0,kalt_g_ch1_g3_compr.mp4,ch1g3,4.0,1.0,kalt,kalt_g_ch1,0.5794584637872674,1.9463312767118068,1057.8279633286272,6.97422,2.0781274,1169.9431819932506,0.33407130885033265,0.31092132889327284,825.5053700046983,8.0,43.0,1.0,4.0,0.0
15,44.0,Woman / Weiblich,1.0,5.0,70.0,Donner_g_ch1_g15_compr.mp4,ch1g15,16.0,1.0,Donner,Donner_g_ch1,1.111557006800397,2.787028312751975,239.1829943810765,6.57309,4.19154,369.20845551682714,0.027092503850544958,0.009604357571906252,232.41790405679396,33.0,30.0,1.0,3.0,0.0
51,21.0,Man / Männlich,1.0,2.0,60.0,rennen_g_ch3_g11_compr.mp4,ch3g11,12.0,3.0,rennen,rennen_g_ch3,0.3474555591428053,1.6496692370933053,0.0,-2.9112418,-3.4176445,165.3808150294225,0.0965682890128059,1.120114059487105,69.92715611645096,41.0,15.0,0.0,0.0,0.0
25,33.0,Man / Männlich,1.0,2.0,80.0,rennen_g_ch2_g5_compr.mp4,ch2g5,6.0,2.0,rennen,rennen_g_ch2,0.488009004100625,2.8470393948766377,28.96757446474348,-3.8798208,-4.0252066,1568.160622259735,0.15949723805048627,0.482223935398046,968.3356468665473,33.0,20.0,1.0,3.0,0.0
49,50.0,Man / Männlich,1.0,3.0,80.0,Donner_g_ch3_g9_compr.mp4,ch3g9,10.0,3.0,Donner,Donner_g_ch3,1.325738274429613,1.8926524477839124,783.3333333333226,-2.885862,0.03448385,670.0934168381278,0.019377887707111796,0.49000212700380685,252.29661143925216,22.0,52.0,1.0,2.0,0.0
6,24.0,Woman / Weiblich,1.0,3.0,71.0,Donner_g_ch1_g6_compr.mp4,ch1g6,7.0,1.0,Donner,Donner_g_ch1,1.11255560740409,2.488923615689365,614.0004297863045,6.4518085,4.2029033,847.5250946653891,0.7104255844224414,0.09935907673466993,522.5635929496805,35.0,5.0,1.0,1.0,0.0
25,33.0,Man / Männlich,1.0,2.0,80.0,kalt_g_ch2_g5_compr.mp4,ch2g5,6.0,2.0,kalt,kalt_g_ch2,0.686870239054695,1.325668963830427,0.0,5.5594993,1.4944446,2480.773960231214,0.17832968660675097,0.19455659175379258,1749.9999999999927,33.0,20.0,1.0,3.0,0.0
34,14.0,Man / Männlich,3.0,5.0,61.0,leise_g_ch2_g14_compr.mp4,ch2g14,15.0,2.0,leise,leise_g_ch2,0.4963846724711754,1.403014266330994,0.0,-2.199931,-2.472016,1300.7123042712428,0.060879011463971844,0.5360741646237064,918.6342519680442,41.0,19.0,0.0,3.0,2.0
55,20.0,Woman / Weiblich,2.0,4.0,30.0,rennen_g_ch3_g15_compr.mp4,ch3g15,16.0,3.0,rennen,rennen_g_ch3,0.4623941788587745,2.7938657549867565,201.5550199795869,-3.2857242,-3.7881422,447.583475252781,0.030310778328328625,0.06518054919419658,48.158357382003885,6.0,40.0,1.0,2.0,1.0
24,66.0,Woman / Weiblich,1.0,5.0,60.0,Donner_g_ch2_g4_compr.mp4,ch2g4,5.0,2.0,Donner,Donner_g_ch2,1.230460346944986,1.706078160073314,2536.6513359151436,-2.7988017,-0.423362,2416.493354419264,0.4187700162923802,0.5111053067673881,1466.7488366075254,31.0,17.0,0.0,1.0,0.0
11,25.0,Woman / Weiblich,1.0,4.0,76.0,Donner_g_ch1_g11_compr.mp4,ch1g11,12.0,1.0,Donner,Donner_g_ch1,1.5621432296398567,2.702805327213962,384.9803586460092,6.192235,5.036831,455.0795023380496,0.012036699896986747,0.9182978662294448,82.35871184738585,0.0,6.0,1.0,1.0,0.0
7,50.0,Woman / Weiblich,1.0,2.0,40.0,kalt_g_ch1_g7_compr.mp4,ch1g7,8.0,1.0,kalt,kalt_g_ch1,0.5280319078185776,1.961261285095765,623.0769024678118,6.7378554,2.1646292,840.8268411942463,0.35214687745096973,0.7007313548569314,250.14040297619215,26.0,31.0,0.0,1.0,0.0
48,28.0,Woman / Weiblich,1.0,1.0,28.0,rennen_g_ch3_g8_compr.mp4,ch3g8,9.0,3.0,rennen,rennen_g_ch3,0.5627431819213906,2.726276606500331,350.76645987751004,-4.2198734,-3.5222886,334.4054618496243,0.2152491632147252,0.1657350668472044,237.78831882069846,5.0,34.0,0.0,2.0,0.0
18,19.0,Woman / Weiblich,1.0,2.0,64.0,rennen_g_ch1_g18_compr.mp4,ch1g18,19.0,1.0,rennen,rennen_g_ch1,0.5071295713940361,2.418995444838457,286.86524130097496,-2.7169538,-3.9294047,,,,,,,,,
48,28.0,Woman / Weiblich,1.0,1.0,28.0,kalt_g_ch3_g8_compr.mp4,ch3g8,9.0,3.0,kalt,kalt_g_ch3,0.8852927679414146,2.0946498264530264,632.6019168364753,6.972109,2.8880177,633.0959820751955,0.12266594090102267,0.3413078635130675,632.6019168364753,5.0,34.0,0.0,2.0,0.0
37,52.0,Woman / Weiblich,2.0,3.0,74.0,kalt_g_ch2_g17_compr.mp4,ch2g17,18.0,2.0,kalt,kalt_g_ch2,0.6797106111552581,1.5306234031867745,2063.4173044302624,-2.4661646,-0.99589986,2255.726831634702,0.018067067799360848,0.2638524625388814,30.083971096933283,37.0,29.0,1.0,0.0,1.0
7,50.0,Woman / Weiblich,1.0,2.0,40.0,rennen_g_ch1_g7_compr.mp4,ch1g7,8.0,1.0,rennen,rennen_g_ch1,0.5447697360055443,2.702421871491682,222.60769037354217,-5.5149975,-2.8977044,347.53762073607453,0.0004307062591017985,0.17045146932855815,255.33155882652184,26.0,31.0,0.0,1.0,0.0
30,45.0,Woman / Weiblich,1.0,2.0,51.0,leise_g_ch2_g10_compr.mp4,ch2g10,11.0,2.0,leise,leise_g_ch2,0.392494427874005,1.7898916564268463,0.0,5.2484703,-1.123953,1660.9075710219745,0.04176089430941471,0.5432564469126351,1174.6748959227418,24.0,6.0,0.0,2.0,0.0
21,22.0,Non-binary / Nicht-binär,1.0,3.0,50.0,kalt_g_ch2_g1_compr.mp4,ch2g1,2.0,2.0,kalt,kalt_g_ch2,0.5853403323719918,1.6329455128308967,1784.4768529989046,-2.4499886,-0.95626,2922.0337670355357,0.13237605237694516,0.3445921360590236,1742.902882034748,,,,,
2,24.0,Prefer not to say / Keine Angabe,1.0,7.0,17.0,Donner_g_ch1_g2_compr.mp4,ch1g2,3.0,1.0,Donner,Donner_g_ch1,1.1564552228304228,2.7352962652775688,483.1097822735504,6.5758653,4.1202993,315.9317367938231,0.1233871791867891,0.14519161357128008,33.10978227354963,2.0,23.0,1.0,4.0,0.0
21,22.0,Non-binary / Nicht-binär,1.0,3.0,50.0,rennen_g_ch2_g1_compr.mp4,ch2g1,2.0,2.0,rennen,rennen_g_ch2,0.2310090011396667,2.8854028035729775,157.64858456932797,-2.724298,-4.367956,82.40246777768867,0.2429321903112636,0.11456485661656535,0.0996286052308335,,,,,
56,21.0,Man / Männlich,2.0,2.0,80.0,Donner_g_ch3_g16_compr.mp4,ch3g16,17.0,3.0,Donner,Donner_g_ch3,1.932658949123331,2.431976572057573,139.66450099973804,-2.6366885,0.79192305,538.4466885233207,0.08861837945927897,0.17674585923001018,432.52427903706223,1.0,50.0,1.0,2.0,0.0
42,35.0,Man / Männlich,2.0,4.0,30.0,kalt_g_ch3_g2_compr.mp4,ch3g2,3.0,3.0,kalt,kalt_g_ch3,0.9925058249985694,2.300380020435732,0.0,6.400588,3.5048313,1128.884992672965,0.13321910285240868,0.22401540426037547,783.3333333333352,6.0,20.0,1.0,1.0,1.0
12,25.0,Man / Männlich,1.0,4.0,55.0,rennen_g_ch1_g12_compr.mp4,ch1g12,13.0,1.0,rennen,rennen_g_ch1,0.586933020623945,2.771342098350931,99.20317455237792,-4.7400026,-3.259563,370.1058556447028,0.004760706855558294,0.06960901593495761,340.7042231104925,0.0,21.0,1.0,0.0,0.0
36,15.0,Man / Männlich,1.0,3.0,45.0,langsam_g_ch2_g16_compr.mp4,ch2g16,17.0,2.0,langsam,langsam_g_ch2,0.7816460138985063,2.847673702008603,473.06708843050063,-6.064357,-1.2986363,1506.892407488731,0.03243180043412586,0.4920434487679155,1055.002170380182,0.0,2.0,0.0,1.0,1.0
42,35.0,Man / Männlich,2.0,4.0,30.0,rennen_g_ch3_g2_compr.mp4,ch3g2,3.0,3.0,rennen,rennen_g_ch3,0.5303442338249903,2.87373582848716,145.1859894532412,-3.8216746,-3.9813223,90.54741722165105,0.1363534722654972,0.01902957650988224,70.44685980885862,6.0,20.0,1.0,1.0,1.0
47,23.0,Woman / Weiblich,1.0,3.0,62.0,Donner_g_ch3_g7_compr.mp4,ch3g7,8.0,3.0,Donner,Donner_g_ch3,1.4130788694066534,2.4606923916674055,543.5071296680447,-3.5877979,0.074102715,250.9399772533899,0.48982064788770496,0.0021155837509190256,129.90506648814795,3.0,13.0,0.0,0.0,0.0
8,24.0,Woman / Weiblich,4.0,5.0,54.0,Donner_g_ch1_g8_compr.mp4,ch1g8,9.0,1.0,Donner,Donner_g_ch1,1.2443782672688108,2.712562971417667,366.6666666666731,6.4482846,4.242655,420.97527464971785,0.04358842610172564,0.09515471485782356,300.0000000000141,26.0,14.0,0.0,3.0,3.0
9,58.0,Woman / Weiblich,1.0,1.0,50.0,kalt_g_ch1_g9_compr.mp4,ch1g9,10.0,1.0,kalt,kalt_g_ch1,0.7304108469478711,1.9294964015314209,1791.634883439021,7.831033,2.1759903,1440.993788546676,0.1731382597386243,0.015673280996168826,349.9682167723529,34.0,4.0,0.0,4.0,3.0
46,26.0,Woman / Weiblich,1.0,3.0,75.0,rennen_g_ch3_g6_compr.mp4,ch3g6,7.0,3.0,rennen,rennen_g_ch3,0.5306425051647295,2.7181736211293663,180.9068067466572,-2.855933,-4.3268332,197.787987767156,0.09386276875701316,0.19475216767713777,148.09190832690268,17.0,25.0,0.0,1.0,0.0
16,27.0,Man / Männlich,1.0,2.0,30.0,rennen_g_ch1_g16_compr.mp4,ch1g16,17.0,1.0,rennen,rennen_g_ch1,0.3698051827424833,1.9647121693554688,741.4325473178401,-2.7515833,-3.143826,1089.9293557103554,0.07423431592367019,0.8806507302291391,641.393974510234,17.0,40.0,1.0,3.0,0.0
46,26.0,Woman / Weiblich,1.0,3.0,75.0,kalt_g_ch3_g6_compr.mp4,ch3g6,7.0,3.0,kalt,kalt_g_ch3,0.5998982888590743,1.8721738451654004,0.0,-2.7112265,-2.6128626,2012.6418297673536,0.27729653720470093,0.39139681182581265,0.0,17.0,25.0,0.0,1.0,0.0
32,24.0,Woman / Weiblich,1.0,4.0,41.0,langsam_g_ch2_g12_compr.mp4,ch2g12,13.0,2.0,langsam,langsam_g_ch2,0.8210087787899477,2.464774678836076,566.339774994421,-4.551215,-1.6712857,378.2967914623839,0.40057206291653047,0.07779195231341962,239.80919109419654,12.0,29.0,0.0,1.0,0.0
9,58.0,Woman / Weiblich,1.0,1.0,50.0,rennen_g_ch1_g9_compr.mp4,ch1g9,10.0,1.0,rennen,rennen_g_ch1,0.6364900989282313,2.864379229019408,186.30918149976597,-4.7385745,-3.0356517,454.8812008480933,0.04535220302311349,0.05251389178995547,118.26779975579065,34.0,4.0,0.0,4.0,3.0
39,39.0,Woman / Weiblich,1.0,3.0,41.0,kalt_g_ch2_g19_compr.mp4,ch2g19,20.0,2.0,kalt,kalt_g_ch2,0.3574955554643978,1.2248762804629971,955.656486917586,-2.6608758,-3.1044343,1946.0671006358584,0.28051460285641827,0.7387115137990157,130.79286182553574,30.0,7.0,0.0,1.0,0.0
52,21.0,Man / Männlich,1.0,3.0,53.0,Donner_g_ch3_g12_compr.mp4,ch3g12,13.0,3.0,Donner,Donner_g_ch3,2.1968611425467435,2.4383866341531073,241.66666666666805,-2.8191836,0.81802493,382.29975606295983,0.627152704108999,0.007526549386350556,241.66666666666805,0.0,7.0,0.0,1.0,0.0
40,,,,,,kalt_g_ch2_g20_compr.mp4,ch2g20,21.0,2.0,kalt,kalt_g_ch2,0.926535246408089,1.741093267276271,938.7476580705168,-4.3339763,-1.2221096,772.0571178086074,0.5690396909436912,0.5162169868132738,16.90882884706923,,,,,
43,41.0,Woman / Weiblich,1.0,5.0,73.0,Donner_g_ch3_g3_compr.mp4,ch3g3,4.0,3.0,Donner,Donner_g_ch3,1.653815762071704,2.697321389853761,579.0797296861068,6.2310534,4.8893266,149.778593745172,0.48969904138502685,0.2724297015180226,7.410633481355603,6.0,43.0,1.0,1.0,1.0
13,10.0,Woman / Weiblich,1.0,2.0,50.0,kalt_g_ch1_g13_compr.mp4,ch1g13,14.0,1.0,kalt,kalt_g_ch1,0.6518274370676087,2.034672469888507,1533.3333333333287,7.68795,2.0916016,455.8202522491078,0.09489857015920622,0.7522190473849546,282.20530727874643,15.0,5.0,1.0,2.0,0.0
60,35.0,Man / Männlich,1.0,2.0,85.0,leise_g_ch3_g20_compr.mp4,ch3g20,21.0,3.0,leise,leise_g_ch3,0.4647495323931612,0.9921957151599622,0.0,4.7905855,-0.87933093,8.601326051507774,0.021045126064575093,1.0243127812436508,0.0,8.0,45.0,1.0,1.0,0.0
18,19.0,Woman / Weiblich,1.0,2.0,64.0,langsam_g_ch1_g18_compr.mp4,ch1g18,19.0,1.0,langsam,langsam_g_ch1,0.3743065222177452,2.9249343474253093,379.3268892246981,-3.022112,-3.478046,725.3048367389171,0.029989892562704568,0.4430216860417069,217.14267515431573,,,,,
48,28.0,Woman / Weiblich,1.0,1.0,28.0,leise_g_ch3_g8_compr.mp4,ch3g8,9.0,3.0,leise,leise_g_ch3,1.2258209988710267,1.8247210114619512,66.66666666666015,6.3803096,3.783904,830.067923533009,0.11120087205214557,0.2800284801094195,567.5919167338986,5.0,34.0,0.0,2.0,0.0
55,20.0,Woman / Weiblich,2.0,4.0,30.0,langsam_g_ch3_g15_compr.mp4,ch3g15,16.0,3.0,langsam,langsam_g_ch3,0.3503295655774114,1.9006652772255233,1019.8975302559604,6.999477,1.7295382,682.3363116753862,0.015321739404943524,0.6916149739529847,321.92316835107204,6.0,40.0,1.0,2.0,1.0
7,50.0,Woman / Weiblich,1.0,2.0,40.0,leise_g_ch1_g7_compr.mp4,ch1g7,8.0,1.0,leise,leise_g_ch1,0.4326522186386403,1.090418025112459,0.0,5.4640355,1.0235925,0.5124069293109741,0.2451407462895407,0.2600070246716044,0.0,26.0,31.0,0.0,1.0,0.0
35,15.0,Man / Männlich,2.0,4.0,43.0,Donner_g_ch2_g15_compr.mp4,ch2g15,16.0,2.0,Donner,Donner_g_ch2,1.487541038428121,2.4601340999693466,268.51213274653276,6.1539283,4.681445,565.4819368350301,0.14194080398258935,0.5901178149999027,476.1395796932451,1.0,18.0,0.0,1.0,1.0
59,27.0,Woman / Weiblich,1.0,3.0,40.0,leise_g_ch3_g19_compr.mp4,ch3g19,20.0,3.0,leise,leise_g_ch3,0.4857946584577363,2.016508496403613,0.0,-1.9327952,-2.434077,1767.795672180977,0.03151665876029991,0.31513878575681487,1249.9999999999984,1.0,20.0,1.0,1.0,0.0
29,69.0,Woman / Weiblich,1.0,4.0,45.0,langsam_g_ch2_g9_compr.mp4,ch2g9,10.0,2.0,langsam,langsam_g_ch2,0.5465976444551109,2.649185858267534,409.72869580573047,-5.287464,-2.2487402,,,,,11.0,35.0,0.0,3.0,0.0
14,11.0,Man / Männlich,1.0,2.0,40.0,leise_g_ch1_g14_compr.mp4,ch1g14,15.0,1.0,leise,leise_g_ch1,0.593009295193217,1.6319666794991674,0.0,4.9323497,-1.3316627,0.506210645434939,0.19488182680739058,0.19714857627265658,0.0,1.0,10.0,1.0,0.0,0.0
21,22.0,Non-binary / Nicht-binär,1.0,3.0,50.0,leise_g_ch2_g1_compr.mp4,ch2g1,2.0,2.0,leise,leise_g_ch2,0.415126226357052,1.2478017021493375,1183.333333333332,6.7406383,-0.6781161,617.6165050141128,0.10106028634795577,0.33231132563649335,436.72061206777676,,,,,
31,36.0,Woman / Weiblich,1.0,5.0,12.0,Donner_g_ch2_g11_compr.mp4,ch2g11,12.0,2.0,Donner,Donner_g_ch2,1.141306471122744,2.461187757004028,0.0,-4.0091753,-0.11988348,1278.4813725148283,0.14712625753069508,0.5348293427103437,1133.333333333329,9.0,39.0,0.0,3.0,0.0
44,28.0,Woman / Weiblich,1.0,5.0,46.0,langsam_g_ch3_g4_compr.mp4,ch3g4,5.0,3.0,langsam,langsam_g_ch3,1.1361547815607158,2.8144617750225285,247.1636150563228,-5.711896,-0.8854726,240.99311021277796,0.18901200725484224,0.04446837589014763,36.65949104245087,13.0,27.0,0.0,0.0,0.0
51,21.0,Man / Männlich,1.0,2.0,60.0,langsam_g_ch3_g11_compr.mp4,ch3g11,12.0,3.0,langsam,langsam_g_ch3,0.3095454643337232,1.537712579229344,1627.5620827892835,7.2725143,1.5418868,796.3836268257882,0.8210826970069809,1.0275778423555537,755.0561133732191,41.0,15.0,0.0,0.0,0.0
3,32.0,Woman / Weiblich,1.0,3.0,60.0,leise_g_ch1_g3_compr.mp4,ch1g3,4.0,1.0,leise,leise_g_ch1,0.4430743317965871,2.3957655210103908,564.0257086339241,6.1050534,-1.1585325,803.8015424851754,0.05835270196073833,0.8834475019904957,564.0257086339241,8.0,43.0,1.0,4.0,0.0
38,9.0,Woman / Weiblich,1.0,2.0,48.0,rennen_g_ch2_g18_compr.mp4,ch2g18,19.0,2.0,rennen,rennen_g_ch2,0.6692719700263192,2.797741749993763,421.1249092185942,-5.285534,-2.842938,570.7196926633006,0.05613215638782254,0.048995681543326786,337.9324356748824,43.0,26.0,0.0,1.0,1.0
17,,Woman / Weiblich,,,,kalt_g_ch1_g17_compr.mp4,ch1g17,18.0,1.0,kalt,kalt_g_ch1,0.3903177706916616,0.8648245984724203,0.0,5.3675776,0.8903666,49.65839227740049,0.44375216315469057,1.0751383579622193,25.000000000020236,,,,,
25,33.0,Man / Männlich,1.0,2.0,80.0,leise_g_ch2_g5_compr.mp4,ch2g5,6.0,2.0,leise,leise_g_ch2,0.430018331570005,1.7653334340021074,889.1709621889318,6.5606747,-0.8951823,20.04387094719087,0.09268926983520931,0.14409487000286014,14.170962188933231,33.0,20.0,1.0,3.0,0.0
10,25.0,Man / Männlich,1.0,3.0,70.0,leise_g_ch1_g10_compr.mp4,ch1g10,11.0,1.0,leise,leise_g_ch1,0.5421017330551074,2.1137032401683458,966.3792676216132,6.4981284,-1.0186542,2424.4965829406437,0.07143516649118814,0.9294282938348943,975.2873990450483,33.0,20.0,1.0,2.0,0.0
36,15.0,Man / Männlich,1.0,3.0,45.0,Donner_g_ch2_g16_compr.mp4,ch2g16,17.0,2.0,Donner,Donner_g_ch2,1.613061726748934,2.4124532597432204,224.99999999999025,6.3138614,5.00193,336.09695635919473,0.1255206883208131,0.047680840226126175,43.512132746542505,0.0,2.0,0.0,1.0,1.0
43,41.0,Woman / Weiblich,1.0,5.0,73.0,langsam_g_ch3_g3_compr.mp4,ch3g3,4.0,3.0,langsam,langsam_g_ch3,1.325166788815558,2.769993399132381,283.8231060987737,-4.4387794,-0.38838667,417.2955805078594,0.39005055788201226,0.06686290533440475,87.11164907063568,6.0,43.0,1.0,1.0,1.0
56,21.0,Man / Männlich,2.0,2.0,80.0,langsam_g_ch3_g16_compr.mp4,ch3g16,17.0,3.0,langsam,langsam_g_ch3,0.6596396821984012,2.585896918551305,920.108689231871,-5.957129,-2.3498197,921.3931477669748,0.3093101166209898,0.685231641325782,99.78884102408938,1.0,50.0,1.0,2.0,0.0
4,60.0,Woman / Weiblich,1.0,3.0,86.0,leise_g_ch1_g4_compr.mp4,ch1g4,5.0,1.0,leise,leise_g_ch1,0.4497421699854405,1.946219591606133,567.3525261148391,-2.460783,-3.008976,806.0047546339551,0.006667838188853359,0.44954592940425786,3.326817480914997,28.0,26.0,0.0,0.0,0.0
10,25.0,Man / Männlich,1.0,3.0,70.0,kalt_g_ch1_g10_compr.mp4,ch1g10,11.0,1.0,kalt,kalt_g_ch1,0.6411150716542428,2.2976238266480156,300.0000000000018,6.175678,2.3588338,3067.1444243937285,0.08929577529362831,0.3681274251165947,1491.6348834390192,33.0,20.0,1.0,2.0,0.0
22,59.0,Woman / Weiblich,1.0,3.0,69.0,leise_g_ch2_g2_compr.mp4,ch2g2,3.0,2.0,leise,leise_g_ch2,0.308120416767606,1.276293465905562,0.0,-2.3987765,-2.9352825,1673.5193205869912,0.107005809589446,0.02849176375622453,1183.333333333332,37.0,19.0,1.0,0.0,0.0
17,,Woman / Weiblich,,,,leise_g_ch1_g17_compr.mp4,ch1g17,18.0,1.0,leise,leise_g_ch1,0.4725329596932303,1.5341782682011635,0.0,5.5092263,1.1478955,408.33738487395215,0.24396728191256267,0.18828986662174163,0.0,,,,,
8,24.0,Woman / Weiblich,4.0,5.0,54.0,langsam_g_ch1_g8_compr.mp4,ch1g8,9.0,1.0,langsam,langsam_g_ch1,0.9135677796469814,2.811354550243717,352.63058229019316,-4.768704,-2.329613,642.3813910338363,0.3418754148825469,0.04543187363297063,185.35369567091834,26.0,14.0,0.0,3.0,3.0
14,11.0,Man / Männlich,1.0,2.0,40.0,kalt_g_ch1_g14_compr.mp4,ch1g14,15.0,1.0,kalt,kalt_g_ch1,1.0789132609795566,2.129463033570379,0.0,6.387941,3.718299,2689.6027547638496,0.42708582391194794,0.094790563681872,1533.3333333333287,1.0,10.0,1.0,0.0,0.0
59,27.0,Woman / Weiblich,1.0,3.0,40.0,kalt_g_ch3_g19_compr.mp4,ch3g19,20.0,3.0,kalt,kalt_g_ch3,0.7460544849017299,1.2177970279800234,0.0,5.544943,1.520868,2473.353477894016,0.2524937982089209,0.34244830046902,1466.5614440369643,1.0,20.0,1.0,1.0,0.0
52,21.0,Man / Männlich,1.0,3.0,53.0,langsam_g_ch3_g12_compr.mp4,ch3g12,13.0,3.0,langsam,langsam_g_ch3,0.3533445063672204,1.687356349526556,1374.999999999997,7.246783,1.5557479,453.55016435630057,0.043799042033497215,0.149643770297212,252.56208278928648,0.0,7.0,0.0,1.0,0.0
0,,,,,,leise_g_ch1_g0_compr.mp4,ch1g0,1.0,1.0,leise,leise_g_ch1,0.3140659400090962,1.5801130277858308,746.6127212655551,6.3477187,-0.773674,,,,,,,,,
47,23.0,Woman / Weiblich,1.0,3.0,62.0,langsam_g_ch3_g7_compr.mp4,ch3g7,8.0,3.0,langsam,langsam_g_ch3,1.049063599764482,2.8382591519572142,416.3423738009659,-4.891393,-0.7316481,594.6758801209882,0.21814601146935297,0.16924025963975042,482.02188045970684,3.0,13.0,0.0,0.0,0.0
32,24.0,Woman / Weiblich,1.0,4.0,41.0,Donner_g_ch2_g12_compr.mp4,ch2g12,13.0,2.0,Donner,Donner_g_ch2,1.4084808442581085,2.4446665182725416,133.33333333333582,-4.1478634,-0.0662563,995.7984374673568,0.2671743731353644,0.016521238731486587,133.33333333333582,12.0,29.0,0.0,1.0,0.0
60,35.0,Man / Männlich,1.0,2.0,85.0,kalt_g_ch3_g20_compr.mp4,ch3g20,21.0,3.0,kalt,kalt_g_ch3,0.712485546602488,0.9515073209034406,2578.771360240203,7.2135825,0.6664482,3152.8958323476327,0.0335689382992419,0.26628970707658284,2578.771360240203,8.0,45.0,1.0,1.0,0.0
13,10.0,Woman / Weiblich,1.0,2.0,50.0,leise_g_ch1_g13_compr.mp4,ch1g13,14.0,1.0,leise,leise_g_ch1,0.3981274683858264,1.829115255771824,0.0,5.2327223,-1.0997202,1473.1398311431833,0.21171000569266113,0.539845607298826,1041.666666666666,15.0,5.0,1.0,2.0,0.0
26,,Woman / Weiblich,,,,leise_g_ch2_g6_compr.mp4,ch2g6,7.0,2.0,leise,leise_g_ch2,0.4794381134961081,1.3852288309178522,0.0,4.7328672,-1.068066,1257.4790993552283,0.04941978192610308,0.3801046030842552,889.1709621889318,,,,,
40,,,,,,leise_g_ch2_g20_compr.mp4,ch2g20,21.0,2.0,leise,leise_g_ch2,0.7932492825599649,2.563105839073571,444.7806887794361,-4.6057897,-1.3345307,715.2247943038797,0.40096927702590474,0.24857636517045645,126.60688737329434,,,,,
18,19.0,Woman / Weiblich,1.0,2.0,64.0,Donner_g_ch1_g18_compr.mp4,ch1g18,19.0,1.0,Donner,Donner_g_ch1,0.5762806445816662,2.8151442291317395,62.112999374994736,6.163451,2.2354674,143.94791916328987,0.06494331513519724,0.275734533268134,81.50106678845535,,,,,
41,29.0,Woman / Weiblich,1.0,3.0,50.0,rennen_g_ch3_g1_compr.mp4,ch3g1,2.0,3.0,rennen,rennen_g_ch3,0.6666977060904875,2.8927654049970424,74.73912964438259,-3.3088658,-4.307813,88.6772087882978,0.19275651463955723,0.12192745804063021,82.80982631971455,,,,,
35,15.0,Man / Männlich,2.0,4.0,43.0,langsam_g_ch2_g15_compr.mp4,ch2g15,16.0,2.0,langsam,langsam_g_ch2,0.7492142134643804,2.3556302532406876,1528.0692588106826,-5.9984612,-1.6014731,1189.5350290588835,0.30422761249711106,0.3987013871993299,714.8537618823237,1.0,18.0,0.0,1.0,1.0
41,29.0,Woman / Weiblich,1.0,3.0,50.0,kalt_g_ch3_g1_compr.mp4,ch3g1,2.0,3.0,kalt,kalt_g_ch3,0.8592867221461608,2.0763646161753564,783.3333333333352,7.093005,2.7038162,1072.9125017908889,0.1415703373972238,0.09882696728543605,741.7593623691787,,,,,
11,25.0,Woman / Weiblich,1.0,4.0,76.0,rennen_g_ch1_g11_compr.mp4,ch1g11,12.0,1.0,rennen,rennen_g_ch1,0.5916937274795033,2.8409511142858888,439.9073976628704,-5.163289,-3.0520887,388.92263280113934,0.17080285839648823,0.04874622755113922,316.0234914352173,0.0,6.0,1.0,1.0,0.0
55,20.0,Woman / Weiblich,2.0,4.0,30.0,Donner_g_ch3_g15_compr.mp4,ch3g15,16.0,3.0,Donner,Donner_g_ch3,2.02127732858261,2.608722431287583,572.1887800368003,-2.6257381,0.8259713,269.4445610368748,0.22552329464190635,0.26117260045496726,188.85544670346104,6.0,40.0,1.0,2.0,1.0
39,39.0,Woman / Weiblich,1.0,3.0,41.0,leise_g_ch2_g19_compr.mp4,ch2g19,20.0,2.0,leise,leise_g_ch2,0.3922800055340601,2.8116822042440273,318.17380140614176,-5.013427,-2.42591,1810.566025736333,0.04187989430068528,0.5055267414946893,194.6181208737973,30.0,7.0,0.0,1.0,0.0
28,80.0,Woman / Weiblich,1.0,1.0,80.0,kalt_g_ch2_g8_compr.mp4,ch2g8,9.0,2.0,kalt,kalt_g_ch2,0.7623373913916696,2.388619430335849,548.1502987320127,7.0432205,2.4943497,897.4049026592546,0.1211756285549932,0.2561896153881955,357.73171467935026,67.0,7.0,0.0,4.0,1.0
44,28.0,Woman / Weiblich,1.0,5.0,46.0,Donner_g_ch3_g4_compr.mp4,ch3g4,5.0,3.0,Donner,Donner_g_ch3,1.8628746716193236,2.6994135033696187,205.4241321609368,-2.8902032,0.7245332,622.7250018663782,0.20905890954761963,0.0020921135158578075,373.65559752517004,13.0,27.0,0.0,0.0,0.0
28,80.0,Woman / Weiblich,1.0,1.0,80.0,rennen_g_ch2_g8_compr.mp4,ch2g8,9.0,2.0,rennen,rennen_g_ch2,0.7515142200921168,2.800782602752407,160.2152746786742,-4.7810163,-3.0350895,720.8255638748445,0.28057471594511885,0.16340293682111184,649.0339201057566,67.0,7.0,0.0,4.0,1.0
51,21.0,Man / Männlich,1.0,2.0,60.0,Donner_g_ch3_g11_compr.mp4,ch3g11,12.0,3.0,Donner,Donner_g_ch3,1.5697084384377444,2.445913183539458,0.0,6.3433976,4.8316255,346.7217972549436,0.030005334943694617,0.6253438762391514,210.96486162275065,41.0,15.0,0.0,0.0,0.0
31,36.0,Woman / Weiblich,1.0,5.0,12.0,langsam_g_ch2_g11_compr.mp4,ch2g11,12.0,2.0,langsam,langsam_g_ch2,1.2215808417064782,2.5425666311494957,326.5305839002244,-4.6751127,-0.5732551,2596.305164795552,0.07918600983251212,0.3681274232949261,874.8641901528952,9.0,39.0,0.0,3.0,0.0
15,44.0,Woman / Weiblich,1.0,5.0,70.0,rennen_g_ch1_g15_compr.mp4,ch1g15,16.0,1.0,rennen,rennen_g_ch1,0.4440394986661535,2.845362899584608,100.03857280760607,-3.7246146,-3.7743807,113.6406622654984,0.060603923189456566,0.022763756770165067,85.39269925157043,33.0,30.0,1.0,3.0,0.0
45,43.0,Woman / Weiblich,1.0,4.0,50.0,kalt_g_ch3_g5_compr.mp4,ch3g5,6.0,3.0,kalt,kalt_g_ch3,0.8771948260637752,1.4807770333395878,0.0,7.4856334,2.5969431,2185.6271354748396,0.3542927156239306,0.11883705329432392,1454.0704892316262,15.0,4.0,0.0,1.0,0.0
45,43.0,Woman / Weiblich,1.0,4.0,50.0,rennen_g_ch3_g5_compr.mp4,ch3g5,6.0,3.0,rennen,rennen_g_ch3,0.6245052739217427,2.912925788806504,32.81489841975452,-4.9130397,-3.3269196,400.39658833890263,0.14321892027328698,0.2665509714197145,205.28133173690924,15.0,4.0,0.0,1.0,0.0
29,69.0,Woman / Weiblich,1.0,4.0,45.0,Donner_g_ch2_g9_compr.mp4,ch2g9,10.0,2.0,Donner,Donner_g_ch2,1.0250642462615296,1.7272353127075593,697.6149845485465,7.1922965,2.8666022,974.1125448516168,0.28687175856041836,1.120150482436769,499.5448685963082,11.0,35.0,0.0,3.0,0.0
58,28.0,Man / Männlich,1.0,2.0,60.0,rennen_g_ch3_g18_compr.mp4,ch3g18,19.0,3.0,rennen,rennen_g_ch3,0.5584843062106559,2.8249153844683645,112.68879905340428,-5.1221733,-2.378439,30.458058390979087,0.14218657429911752,0.007274418045064124,17.879963611882076,22.0,30.0,1.0,0.0,0.0
12,25.0,Man / Männlich,1.0,4.0,55.0,leise_g_ch1_g12_compr.mp4,ch1g12,13.0,1.0,leise,leise_g_ch1,0.6098374740784875,2.36896086307065,1041.666666666666,6.428872,-1.1198958,1473.1401168184605,0.07146880313113047,0.610256523949827,1041.666666666666,0.0,21.0,1.0,0.0,0.0
27,13.0,Woman / Weiblich,2.0,5.0,73.0,leise_g_ch2_g7_compr.mp4,ch2g7,8.0,2.0,leise,leise_g_ch2,0.6753660541272377,1.7623737447066314,0.0,-2.3022113,-2.3495061,8.788059514414249,0.19592794063112962,0.37714491378877923,0.0,,,,,
53,32.0,Woman / Weiblich,1.0,3.0,50.0,langsam_g_ch3_g13_compr.mp4,ch3g13,14.0,3.0,langsam,langsam_g_ch3,0.2683819773668715,2.459627244998861,516.8367067129551,6.5474043,1.8268447,1112.246854613206,0.0849625290003489,0.772270895472305,858.1632932870419,11.0,3.0,1.0,0.0,0.0
1,26.0,Woman / Weiblich,1.0,3.0,40.0,leise_g_ch1_g1_compr.mp4,ch1g1,2.0,1.0,leise,leise_g_ch1,0.4562856285248934,1.286907147544557,0.0,4.7217226,-0.9941725,1055.8711817630997,0.1422196885157972,0.2932058802412738,746.6127212655551,,,,,
58,28.0,Man / Männlich,1.0,2.0,60.0,kalt_g_ch3_g18_compr.mp4,ch3g18,19.0,3.0,kalt,kalt_g_ch3,0.9985482831106508,1.5602453284490434,1466.5614440369643,-2.6376631,-0.8110392,369.9219808346252,0.19989400273346292,0.15664730706250918,191.77188929636418,22.0,30.0,1.0,0.0,0.0
33,55.0,Man / Männlich,1.0,2.0,80.0,Donner_g_ch2_g13_compr.mp4,ch2g13,14.0,2.0,Donner,Donner_g_ch2,1.8959741308098483,2.808735293067095,402.44434552763465,-4.712019,-0.087655656,494.08295948321705,0.48749328655173985,0.36406877479455346,269.11101219429884,31.0,39.0,1.0,2.0,0.0
46,26.0,Woman / Weiblich,1.0,3.0,75.0,langsam_g_ch3_g6_compr.mp4,ch3g6,7.0,3.0,langsam,langsam_g_ch3,1.267209611233835,2.669018892317464,898.3642542606727,-5.591496,-1.2966104,684.4962005620608,0.3418898752643277,0.18950428021324095,523.9181612870514,17.0,25.0,0.0,1.0,0.0
15,44.0,Woman / Weiblich,1.0,5.0,70.0,kalt_g_ch1_g15_compr.mp4,ch1g15,16.0,1.0,kalt,kalt_g_ch1,0.7557663239401655,1.8132096663248785,995.5717927123262,7.3699245,2.3877866,1726.8770211502265,0.3231469370393911,0.31625336724550035,995.5717927123262,33.0,30.0,1.0,3.0,0.0
9,58.0,Woman / Weiblich,1.0,1.0,50.0,langsam_g_ch1_g9_compr.mp4,ch1g9,10.0,1.0,langsam,langsam_g_ch1,0.3721198938373696,2.715233475828918,594.6484430597025,-5.6981115,-2.7802315,553.0471305621761,0.5414478858096119,0.09612107441479889,242.0178607695093,34.0,4.0,0.0,4.0,3.0
23,35.0,Woman / Weiblich,1.0,4.0,43.0,leise_g_ch2_g3_compr.mp4,ch2g3,4.0,2.0,leise,leise_g_ch2,0.3597555497942028,2.4942707802162127,389.63852712248627,6.056433,-1.0797077,773.2593698934246,0.051635133026596836,1.2179773143106507,389.63852712248627,24.0,26.0,0.0,1.0,0.0
16,27.0,Man / Männlich,1.0,2.0,30.0,leise_g_ch1_g16_compr.mp4,ch1g16,17.0,1.0,leise,leise_g_ch1,0.716500241605793,1.7224681348229052,0.0,5.7661476,1.839061,408.3488141695756,0.22779862608989537,0.24829907956905806,0.0,17.0,40.0,1.0,3.0,0.0
11,25.0,Woman / Weiblich,1.0,4.0,76.0,kalt_g_ch1_g11_compr.mp4,ch1g11,12.0,1.0,kalt,kalt_g_ch1,1.307291182477066,2.1778041563753865,0.0,6.3730874,4.361408,486.5064066414489,0.6661761108228234,0.11981967027262908,300.0000000000018,0.0,6.0,1.0,1.0,0.0
42,35.0,Man / Männlich,2.0,4.0,30.0,langsam_g_ch3_g2_compr.mp4,ch3g2,3.0,3.0,langsam,langsam_g_ch3,0.9351162309335458,2.703130493797976,370.93475516940936,-4.2955523,-2.2947125,244.227247203143,0.06066567178258231,0.20503509971162304,206.51369449353302,6.0,20.0,1.0,1.0,1.0
37,52.0,Woman / Weiblich,2.0,3.0,74.0,Donner_g_ch2_g17_compr.mp4,ch2g17,18.0,2.0,Donner,Donner_g_ch2,1.4689307626728745,2.758681886671653,446.1206884230523,-3.9420953,0.02996393,334.5031235796818,0.14413096407605952,0.3462286269284327,221.12068842306203,37.0,29.0,1.0,0.0,1.0
57,50.0,Woman / Weiblich,1.0,2.0,30.0,langsam_g_ch3_g17_compr.mp4,ch3g17,18.0,3.0,langsam,langsam_g_ch3,0.6779790980318815,2.61985702369928,421.5444514139779,-6.0168114,-2.1508057,545.8663961058386,0.01833941583348031,0.03396010514797476,498.5642378178931,29.0,50.0,1.0,0.0,1.0
5,59.0,Man / Männlich,1.0,2.0,66.0,leise_g_ch1_g5_compr.mp4,ch1g5,6.0,1.0,leise,leise_g_ch1,0.2735354870400475,0.8401450445212807,0.0,4.9594946,-0.45936954,802.2055874455835,0.176206682945393,1.106074547084852,567.3525261148391,1.0,20.0,1.0,1.0,0.0
60,35.0,Man / Männlich,1.0,2.0,85.0,rennen_g_ch3_g20_compr.mp4,ch3g20,21.0,3.0,rennen,rennen_g_ch3,0.4640938722344481,2.896770065059703,75.59289460184635,-3.8780413,-3.6286123,79.96931133570641,0.24968064913560628,0.008935341872708946,55.93096398369369,8.0,45.0,1.0,1.0,0.0
41,29.0,Woman / Weiblich,1.0,3.0,50.0,Donner_g_ch3_g1_compr.mp4,ch3g1,2.0,3.0,Donner,Donner_g_ch3,1.2230560844579732,2.213145783532249,333.33333333333655,6.6887503,3.9980423,374.4806592133193,0.1391873764523699,0.649976331916541,52.14537721382726,,,,,
44,28.0,Woman / Weiblich,1.0,5.0,46.0,rennen_g_ch3_g4_compr.mp4,ch3g4,5.0,3.0,rennen,rennen_g_ch3,0.7677241941950297,2.6463748173867896,238.09623015666375,-6.0509458,-1.8717022,315.87522173273703,0.12807661220576738,0.0008119407403071044,211.45272169381778,13.0,27.0,0.0,0.0,0.0
59,27.0,Woman / Weiblich,1.0,3.0,40.0,rennen_g_ch3_g19_compr.mp4,ch3g19,20.0,3.0,rennen,rennen_g_ch3,0.7137745213700544,2.887834723186994,131.52385858554004,-4.612501,-3.171989,21.419146302291672,0.15529021515939845,0.06291933871862954,18.83505953213576,1.0,20.0,1.0,1.0,0.0
28,80.0,Woman / Weiblich,1.0,1.0,80.0,Donner_g_ch2_g8_compr.mp4,ch2g8,9.0,2.0,Donner,Donner_g_ch2,1.311936004821948,2.847385795144328,198.07011595223835,-4.512915,-0.29888752,869.9497588592881,0.046224017276124796,0.39538295881191043,580.7466504026962,67.0,7.0,0.0,4.0,1.0
50,62.0,Man / Männlich,1.0,2.0,75.0,Donner_g_ch3_g10_compr.mp4,ch3g10,11.0,3.0,Donner,Donner_g_ch3,1.599713773381439,1.8205693073003064,210.96486162275065,6.2760754,4.9381757,1195.172734524696,0.27397549895182616,0.07208314048360598,572.368471710572,12.0,5.0,0.0,1.0,0.0
30,45.0,Woman / Weiblich,1.0,2.0,51.0,langsam_g_ch2_g10_compr.mp4,ch2g10,11.0,2.0,langsam,langsam_g_ch2,1.3007668515389903,2.1744392078545696,1201.3947740531196,-5.469305,-1.1798668,2424.901969677232,0.7541692070838794,0.4747466504129645,791.6660782473891,24.0,6.0,0.0,2.0,0.0
14,11.0,Man / Männlich,1.0,2.0,40.0,rennen_g_ch1_g14_compr.mp4,ch1g14,15.0,1.0,rennen,rennen_g_ch1,0.5046434218556101,2.822599142814443,185.4312720591765,-3.5841002,-4.1155634,199.2797268514969,0.08114256648077578,0.20388895453005373,15.642940614322129,1.0,10.0,1.0,0.0,0.0
44,28.0,Woman / Weiblich,1.0,5.0,46.0,kalt_g_ch3_g4_compr.mp4,ch3g4,5.0,3.0,kalt,kalt_g_ch3,0.5229021104398446,1.3619399800452638,1454.0704892316262,7.2190557,1.0923656,1246.4440353937275,0.25450473920710326,1.208714622685594,854.0704892316255,13.0,27.0,0.0,0.0,0.0
45,43.0,Woman / Weiblich,1.0,4.0,50.0,Donner_g_ch3_g5_compr.mp4,ch3g5,6.0,3.0,Donner,Donner_g_ch3,1.778889836607383,2.819719651350544,426.7968551378461,6.2588115,5.009711,341.9208260104667,0.08398483501194054,0.1203061479809251,221.37272297690927,15.0,4.0,0.0,1.0,0.0
29,69.0,Woman / Weiblich,1.0,4.0,45.0,rennen_g_ch2_g9_compr.mp4,ch2g9,10.0,2.0,rennen,rennen_g_ch2,0.6620450818814019,2.596429930523543,110.41588050034588,-4.8749704,-1.9743747,321.6115058202268,0.0894691382107149,0.20435267222886377,49.79939417832833,11.0,35.0,0.0,3.0,0.0
29,69.0,Woman / Weiblich,1.0,4.0,45.0,kalt_g_ch2_g9_compr.mp4,ch2g9,10.0,2.0,kalt,kalt_g_ch2,0.683906089217209,1.291866639368532,0.0,7.0901566,1.2926158,2097.0095543328243,0.0784313021744606,1.096752790967317,548.1502987320127,11.0,35.0,0.0,3.0,0.0
38,9.0,Woman / Weiblich,1.0,2.0,48.0,leise_g_ch2_g18_compr.mp4,ch2g18,19.0,2.0,leise,leise_g_ch2,0.4341598998347454,2.306155462749338,512.7919222799391,7.055097,1.9121772,3573.7007319187564,0.1953825555274409,1.631338657195297,1920.541411053397,43.0,26.0,0.0,1.0,1.0
20,,,,,,Donner_g_ch1_g20_compr.mp4,ch1g20,21.0,1.0,Donner,Donner_g_ch1,1.2100263371746132,2.7336216484793923,48.328055071867496,6.3386736,4.4508266,517.4879508906471,0.030204006280912576,0.20708961754448207,39.07268227564731,,,,,
34,14.0,Man / Männlich,3.0,5.0,61.0,langsam_g_ch2_g14_compr.mp4,ch2g14,15.0,2.0,langsam,langsam_g_ch2,1.0534418259614915,2.7543316404400175,813.2154969283589,-6.033016,-1.0361805,787.029063333708,0.2589966017097348,0.1255721560912999,569.7754867641434,41.0,19.0,0.0,3.0,2.0
10,25.0,Man / Männlich,1.0,3.0,70.0,rennen_g_ch1_g10_compr.mp4,ch1g10,11.0,1.0,rennen,rennen_g_ch1,0.4208908690830151,2.7922048867347495,123.8839062276531,-3.7645166,-3.9281645,390.5059986525487,0.21559922984521618,0.07217434228465835,62.42527527211287,33.0,20.0,1.0,2.0,0.0
54,26.0,Non-binary / Nicht-binär,1.0,2.0,70.0,Donner_g_ch3_g14_compr.mp4,ch3g14,15.0,3.0,Donner,Donner_g_ch3,1.7957540339407037,2.347549830832616,383.3333333333392,6.1766977,5.107729,66.78105169941341,0.4117584905996625,0.42587575721182347,8.590623243560401,6.0,20.0,1.0,1.0,0.0
19,57.0,Woman / Weiblich,1.0,2.0,39.0,Donner_g_ch1_g19_compr.mp4,ch1g19,20.0,1.0,Donner,Donner_g_ch1,1.1798223308937006,2.52653203093491,87.4007373475148,6.4218907,4.2832665,554.9197369197559,0.6035416863120344,0.28861219819682926,25.28773797252007,38.0,25.0,0.0,0.0,0.0
42,35.0,Man / Männlich,2.0,4.0,30.0,Donner_g_ch3_g2_compr.mp4,ch3g2,3.0,3.0,Donner,Donner_g_ch3,1.1641167206866772,2.4248916883357383,571.6690962047512,6.679675,4.067258,399.06938776390234,0.05893936377129605,0.21174590480348954,238.33576287141466,6.0,20.0,1.0,1.0,1.0
8,24.0,Woman / Weiblich,4.0,5.0,54.0,rennen_g_ch1_g8_compr.mp4,ch1g8,9.0,1.0,rennen,rennen_g_ch1,0.5911378959051178,2.8118653372294524,68.04138174397532,-5.298725,-3.028914,318.2553907329548,0.046368159899573436,0.1094434657377703,154.56630862956683,26.0,14.0,0.0,3.0,3.0
38,9.0,Woman / Weiblich,1.0,2.0,48.0,kalt_g_ch2_g18_compr.mp4,ch2g18,19.0,2.0,kalt,kalt_g_ch2,0.6380101583208161,1.9635877942620128,824.8636250920503,7.1542354,2.3324816,1546.4103981539631,0.041700452834442014,0.4329643910752383,1238.553679338212,43.0,26.0,0.0,1.0,1.0
47,23.0,Woman / Weiblich,1.0,3.0,62.0,kalt_g_ch3_g7_compr.mp4,ch3g7,8.0,3.0,kalt,kalt_g_ch3,0.762626827040392,1.753341962939959,0.0,6.810772,2.6909478,1333.3887119729548,0.16272853818131772,0.1188318822254415,0.0,3.0,13.0,0.0,0.0,0.0
33,55.0,Man / Männlich,1.0,2.0,80.0,langsam_g_ch2_g13_compr.mp4,ch2g13,14.0,2.0,langsam,langsam_g_ch2,0.7944452242517567,2.8799037965313175,243.4400101642156,-6.174563,-1.2519684,467.2887650481736,0.026563554538191037,0.4151291176952414,322.89976483020536,31.0,39.0,1.0,2.0,0.0
53,32.0,Woman / Weiblich,1.0,3.0,50.0,Donner_g_ch3_g13_compr.mp4,ch3g13,14.0,3.0,Donner,Donner_g_ch3,2.207512524540366,2.7734255880444394,374.7427100897788,-2.7220106,0.86529475,230.3131740399868,0.0106513819936227,0.3350389538913321,133.07604342311078,11.0,3.0,1.0,0.0,0.0
47,23.0,Woman / Weiblich,1.0,3.0,62.0,rennen_g_ch3_g7_compr.mp4,ch3g7,8.0,3.0,rennen,rennen_g_ch3,0.7779923451361158,2.8920116733475356,112.9781410568116,-4.486416,-3.3371334,115.08092962493276,0.24734983997138626,0.17383805221816928,67.9286656898456,3.0,13.0,0.0,0.0,0.0
8,24.0,Woman / Weiblich,4.0,5.0,54.0,kalt_g_ch1_g8_compr.mp4,ch1g8,9.0,1.0,kalt,kalt_g_ch1,0.5572725872092468,1.9451696825275897,1441.666666666668,7.330106,1.5024972,1266.833943196749,0.02924067939066921,0.01609160256817521,818.5897641988563,26.0,14.0,0.0,3.0,3.0
9,58.0,Woman / Weiblich,1.0,1.0,50.0,Donner_g_ch1_g9_compr.mp4,ch1g9,10.0,1.0,Donner,Donner_g_ch1,1.5490952774970634,2.5183470000257824,394.66934120715206,6.2657075,4.9613376,99.1423401122215,0.3047170102282526,0.1942159713918845,28.00267454047895,34.0,4.0,0.0,4.0,3.0
46,26.0,Woman / Weiblich,1.0,3.0,75.0,Donner_g_ch3_g6_compr.mp4,ch3g6,7.0,3.0,Donner,Donner_g_ch3,1.9028995172943584,2.4628079754183245,413.6020631798968,-3.3733923,0.45865497,148.1773149629328,0.12400968068697527,0.3569116759322193,13.194791957949292,17.0,25.0,0.0,1.0,0.0
43,41.0,Woman / Weiblich,1.0,5.0,73.0,rennen_g_ch3_g3_compr.mp4,ch3g3,4.0,3.0,rennen,rennen_g_ch3,0.8958008064007971,2.6455628766464825,26.64350846284598,-4.325648,-3.03713,119.21004326845797,0.36545657257580677,0.22817295184067765,118.54248099039523,6.0,43.0,1.0,1.0,1.0
57,50.0,Woman / Weiblich,1.0,2.0,30.0,Donner_g_ch3_g17_compr.mp4,ch3g17,18.0,3.0,Donner,Donner_g_ch3,1.92772544280184,2.526491711876758,263.2887913571726,-2.624504,0.8381432,165.82291491287413,0.004933506321491032,0.09451513981918502,123.62429035743457,29.0,50.0,1.0,0.0,1.0
43,41.0,Woman / Weiblich,1.0,5.0,73.0,kalt_g_ch3_g3_compr.mp4,ch3g3,4.0,3.0,kalt,kalt_g_ch3,0.7774068496469478,2.570654602730858,600.0000000000007,6.305921,2.4662573,661.8439218664644,0.2150989753516216,0.270274582295126,600.0000000000007,6.0,43.0,1.0,1.0,1.0
13,10.0,Woman / Weiblich,1.0,2.0,50.0,rennen_g_ch1_g13_compr.mp4,ch1g13,14.0,1.0,rennen,rennen_g_ch1,0.4235008553748343,2.618710188284389,201.07421267349864,-3.261183,-3.8986197,219.2442301697552,0.16343216524911075,0.1526319100665421,101.87103812112072,15.0,5.0,1.0,2.0,0.0
37,52.0,Woman / Weiblich,2.0,3.0,74.0,langsam_g_ch2_g17_compr.mp4,ch2g17,18.0,2.0,langsam,langsam_g_ch2,0.9951644030962606,2.717806658011896,1149.6527253431332,-5.592532,-1.0234276,802.219903475364,0.21351838919775434,0.12986704399670712,676.5856369126325,37.0,29.0,1.0,0.0,1.0
40,,,,,,rennen_g_ch2_g20_compr.mp4,ch2g20,21.0,2.0,rennen,rennen_g_ch2,1.029021301272799,2.8411268010944437,119.0497354309232,-5.1571336,-1.7824461,196.5337242798429,0.4024833121964386,0.20615505935770084,184.56491035120894,,,,,
24,66.0,Woman / Weiblich,1.0,5.0,60.0,leise_g_ch2_g4_compr.mp4,ch2g4,5.0,2.0,leise,leise_g_ch2,0.3373290617347957,1.9094283040049675,874.9999999999985,6.3125434,-0.86951435,527.723427047952,0.022426488059407113,0.5848424762112452,485.36147287751226,31.0,17.0,0.0,1.0,0.0
11,25.0,Woman / Weiblich,1.0,4.0,76.0,leise_g_ch1_g11_compr.mp4,ch1g11,12.0,1.0,leise,leise_g_ch1,0.5383686709473571,1.758704339120823,0.0,4.992764,-1.3489107,1423.3077992130643,0.0037330621077503734,0.35499890104752274,966.3792676216132,0.0,6.0,1.0,1.0,0.0
16,27.0,Man / Männlich,1.0,2.0,30.0,kalt_g_ch1_g16_compr.mp4,ch1g16,17.0,1.0,kalt,kalt_g_ch1,0.8340699338463522,1.9399629564346397,25.000000000020236,-2.8654935,-2.3847942,1688.8807885600584,0.07830360990618668,0.12675329010976122,970.571792712306,17.0,40.0,1.0,3.0,0.0
39,39.0,Woman / Weiblich,1.0,3.0,41.0,rennen_g_ch2_g19_compr.mp4,ch2g19,20.0,2.0,rennen,rennen_g_ch2,0.6265379890763603,2.634971741736743,303.61464578213213,-5.7709093,-2.669832,310.87075767045434,0.04273398094995895,0.16277000825702004,117.51026343646208,30.0,7.0,0.0,1.0,0.0
45,43.0,Woman / Weiblich,1.0,4.0,50.0,langsam_g_ch3_g5_compr.mp4,ch3g5,6.0,3.0,langsam,langsam_g_ch3,0.9253197359695072,2.8585231725307048,374.4460929736213,-5.106018,-1.2578739,434.73468752668913,0.21083504559120858,0.04406139750817628,127.28247791729851,15.0,4.0,0.0,1.0,0.0
30,45.0,Woman / Weiblich,1.0,2.0,51.0,Donner_g_ch2_g10_compr.mp4,ch2g10,11.0,2.0,Donner,Donner_g_ch2,1.2884327286534392,1.9263584142936845,1133.333333333329,-3.8439803,-0.17190586,1095.215165694168,0.2633684823919096,0.19912310158612523,435.7183487847824,24.0,6.0,0.0,2.0,0.0
50,62.0,Man / Männlich,1.0,2.0,75.0,langsam_g_ch3_g10_compr.mp4,ch3g10,11.0,3.0,langsam,langsam_g_ch3,1.130628161340704,2.5652904215848977,872.5059694160644,-3.7379332,-1.8432107,843.1583050653288,0.12065624164857991,0.2841429937644122,363.6360767044407,12.0,5.0,0.0,1.0,0.0
2,24.0,Prefer not to say / Keine Angabe,1.0,7.0,17.0,leise_g_ch1_g2_compr.mp4,ch1g2,3.0,1.0,leise,leise_g_ch1,0.5014270337573254,1.512318019019895,0.0,4.7993402,-1.2942052,0.4246930237017766,0.04514140523243204,0.225410871475338,0.0,2.0,23.0,1.0,4.0,0.0
15,44.0,Woman / Weiblich,1.0,5.0,70.0,leise_g_ch1_g15_compr.mp4,ch1g15,16.0,1.0,leise,leise_g_ch1,0.4887016155158976,1.4741690552538471,0.0,4.7425222,-1.2076414,0.4254857666271582,0.10430767967731941,0.1577976242453203,0.0,33.0,30.0,1.0,3.0,0.0
58,28.0,Man / Männlich,1.0,2.0,60.0,leise_g_ch3_g18_compr.mp4,ch3g18,19.0,3.0,leise,leise_g_ch3,0.4542779996974364,1.701369710646798,1249.9999999999984,6.6922,-0.80684465,1767.7681262294602,0.10134191141165821,0.2979585796319584,1249.9999999999984,22.0,30.0,1.0,0.0,0.0
20,,,,,,langsam_g_ch1_g20_compr.mp4,ch1g20,21.0,1.0,langsam,langsam_g_ch1,0.4877263964748397,2.482157933746307,776.270810917236,-3.3703377,-3.174481,356.9817698123461,0.17715434316878947,0.20043012798650306,239.4940866633982,,,,,
54,26.0,Non-binary / Nicht-binär,1.0,2.0,70.0,langsam_g_ch3_g14_compr.mp4,ch3g14,15.0,3.0,langsam,langsam_g_ch3,0.3350078261724679,2.592280251178508,697.9743619048884,6.544926,1.8065866,418.8124185060444,0.06662584880559635,0.13265300617964693,181.13765519193328,6.0,20.0,1.0,1.0,0.0
6,24.0,Woman / Weiblich,1.0,3.0,71.0,leise_g_ch1_g6_compr.mp4,ch1g6,7.0,1.0,leise,leise_g_ch1,0.1875114723490996,1.3504250497840635,0.0,5.342914,0.8004325,1.9890224694554537,0.08602401469094789,0.5102800052627828,0.0,35.0,5.0,1.0,1.0,0.0
34,14.0,Man / Männlich,3.0,5.0,61.0,Donner_g_ch2_g14_compr.mp4,ch2g14,15.0,2.0,Donner,Donner_g_ch2,1.3456002344455316,1.870016284969444,744.6517124397778,-4.3859005,-0.08016682,534.0913620322749,0.5503738963643168,0.9387190080976511,342.2073669121432,41.0,19.0,0.0,3.0,2.0
41,29.0,Woman / Weiblich,1.0,3.0,50.0,langsam_g_ch3_g1_compr.mp4,ch3g1,2.0,3.0,langsam,langsam_g_ch3,0.8744505591509635,2.498095394086353,577.4484496629424,-3.2453482,-2.056565,479.1774289712443,0.10281190984706678,0.3957041852281691,416.43315248306226,,,,,
19,57.0,Woman / Weiblich,1.0,2.0,39.0,langsam_g_ch1_g19_compr.mp4,ch1g19,20.0,1.0,langsam,langsam_g_ch1,0.6648807396436291,2.68258806173281,536.7767242538378,-5.603959,-2.5381274,450.8791879032137,0.29057421742588396,0.24234628569249939,157.44983502913965,38.0,25.0,0.0,0.0,0.0
12,25.0,Man / Männlich,1.0,4.0,55.0,kalt_g_ch1_g12_compr.mp4,ch1g12,13.0,1.0,kalt,kalt_g_ch1,0.7467260072268149,1.2824534225035522,1815.5386406120751,7.8138485,2.1098201,2761.4527473874314,0.5605651752502512,0.8953507338718343,1815.5386406120751,0.0,21.0,1.0,0.0,0.0
49,50.0,Man / Männlich,1.0,3.0,80.0,leise_g_ch3_g9_compr.mp4,ch3g9,10.0,3.0,leise,leise_g_ch3,1.0649179959186126,1.355402910060892,1569.9925296669164,7.778154,2.340519,2883.87267677856,0.1609030029524141,0.46931810140105923,1503.3258630002563,22.0,52.0,1.0,2.0,0.0
22,59.0,Woman / Weiblich,1.0,3.0,69.0,langsam_g_ch2_g2_compr.mp4,ch2g2,3.0,2.0,langsam,langsam_g_ch2,0.9342689013421388,2.916308186376521,361.4628361871317,-5.1950545,-1.0367595,987.7898329164188,0.24293215651569444,0.12779388272218561,563.9353505307736,37.0,19.0,1.0,0.0,0.0
52,21.0,Man / Männlich,1.0,3.0,53.0,leise_g_ch3_g12_compr.mp4,ch3g12,13.0,3.0,leise,leise_g_ch3,0.461599189612414,1.4425987197885226,0.0,4.9225826,-1.0210875,862.370077352645,0.3610475952137325,0.024691120422935198,0.0,0.0,7.0,0.0,1.0,0.0
43,41.0,Woman / Weiblich,1.0,5.0,73.0,leise_g_ch3_g3_compr.mp4,ch3g3,4.0,3.0,leise,leise_g_ch3,0.4387414357784771,1.5795563760870288,0.0,4.9680276,-1.1845922,0.9633401041614762,0.07590798002642535,0.7124379865523882,0.0,6.0,43.0,1.0,1.0,1.0
18,19.0,Woman / Weiblich,1.0,2.0,64.0,kalt_g_ch1_g18_compr.mp4,ch1g18,19.0,1.0,kalt,kalt_g_ch1,0.9858085150364156,2.3878080712649696,0.0,6.4950857,3.5932558,750.0100048069518,0.595490744344754,1.5229834727925493,0.0,,,,,
4,60.0,Woman / Weiblich,1.0,3.0,86.0,langsam_g_ch1_g4_compr.mp4,ch1g4,5.0,1.0,langsam,langsam_g_ch1,1.1501440208624871,2.819872774788127,545.5399975152027,-3.7878451,-1.7921525,776.7355375083229,0.5265726208069527,0.01321847908398821,440.8712077278185,28.0,26.0,0.0,0.0,0.0
37,52.0,Woman / Weiblich,2.0,3.0,74.0,rennen_g_ch2_g17_compr.mp4,ch2g17,18.0,2.0,rennen,rennen_g_ch2,0.7254041264141418,2.8467374315370897,83.19247354371183,-4.940656,-2.6980164,337.626313404565,0.48504217897693525,0.17654646397712614,305.71261196286787,37.0,29.0,1.0,0.0,1.0
13,10.0,Woman / Weiblich,1.0,2.0,50.0,langsam_g_ch1_g13_compr.mp4,ch1g13,14.0,1.0,langsam,langsam_g_ch1,0.7726818480671941,2.8304004026796012,720.1090881008579,-4.8392525,-1.5037253,274.18247106350003,0.2535165645997203,0.04926055945056973,205.49801029207435,15.0,5.0,1.0,2.0,0.0
55,20.0,Woman / Weiblich,2.0,4.0,30.0,kalt_g_ch3_g15_compr.mp4,ch3g15,16.0,3.0,kalt,kalt_g_ch3,0.7472090931579347,1.86513254679572,1608.3333333333214,7.147026,2.4602733,1298.5520701840594,0.23161874008157068,0.5231139074047337,316.66666666665674,6.0,40.0,1.0,2.0,1.0
56,21.0,Man / Männlich,2.0,2.0,80.0,leise_g_ch3_g16_compr.mp4,ch3g16,17.0,3.0,leise,leise_g_ch3,0.330520700634722,1.0354441125393878,3400.000000000021,7.036001,-0.18502906,4802.440057029384,0.06218821013075898,0.0849691926725753,3400.000000000021,1.0,50.0,1.0,2.0,0.0
26,,Woman / Weiblich,,,,langsam_g_ch2_g6_compr.mp4,ch2g6,7.0,2.0,langsam,langsam_g_ch2,0.4818528112441307,2.8819126061161864,411.21198086859454,-3.284901,-3.702828,322.171926189155,0.1310892474487242,0.3736326051428773,13.970986282670765,,,,,
8,24.0,Woman / Weiblich,4.0,5.0,54.0,leise_g_ch1_g8_compr.mp4,ch1g8,9.0,1.0,leise,leise_g_ch1,0.380859975166416,0.8226588070789363,1599.9999999999957,6.901909,-0.41494036,2262.742992831097,0.051792243472224275,0.26775921803352276,1599.9999999999957,26.0,14.0,0.0,3.0,3.0
51,21.0,Man / Männlich,1.0,2.0,60.0,kalt_g_ch3_g11_compr.mp4,ch3g11,12.0,3.0,kalt,kalt_g_ch3,0.465802207920642,2.315544237636551,326.45974287623835,6.3046045,1.9621065,1055.8213410524331,0.5141648892777454,0.4664641143553325,490.20692379042976,41.0,15.0,0.0,0.0,0.0
33,55.0,Man / Männlich,1.0,2.0,80.0,rennen_g_ch2_g13_compr.mp4,ch2g13,14.0,2.0,rennen,rennen_g_ch2,0.4456200924548742,2.6659630648400894,393.5435721872205,-5.7727118,-2.7045414,263.9426427261481,0.06114718154982135,0.10079473708889841,40.89092613598382,31.0,39.0,1.0,2.0,0.0
17,,Woman / Weiblich,,,,langsam_g_ch1_g17_compr.mp4,ch1g17,18.0,1.0,langsam,langsam_g_ch1,0.3443166296550406,2.4819126613836024,596.4695643790138,-5.6272197,-2.9877036,641.718507800247,0.4445292458563874,0.07699454662089522,155.16014646416727,,,,,
0,,,,,,langsam_g_ch1_g0_compr.mp4,ch1g0,1.0,1.0,langsam,langsam_g_ch1,0.7716386493038967,2.893799579314522,161.01529717988012,-4.6256213,-3.0884786,,,,,,,,,
47,23.0,Woman / Weiblich,1.0,3.0,62.0,leise_g_ch3_g7_compr.mp4,ch3g7,8.0,3.0,leise,leise_g_ch3,1.1146201268188811,2.1047494915713707,634.2585834005588,6.5271754,3.5453036,1166.219493533651,0.049047938442710715,0.2655311363974082,142.59191673391138,3.0,13.0,0.0,0.0,0.0
20,,,,,,rennen_g_ch1_g20_compr.mp4,ch1g20,21.0,1.0,rennen,rennen_g_ch1,0.3681484599187852,1.9790608424337608,655.921743299714,-2.828134,-3.2701435,526.8470179058554,0.08386216579881439,0.6017798823644107,28.666871985751527,,,,,
31,36.0,Woman / Weiblich,1.0,5.0,12.0,leise_g_ch2_g11_compr.mp4,ch2g11,12.0,2.0,leise,leise_g_ch2,0.5207929476373785,2.205941339550636,772.8464703074409,-4.399467,-1.5906243,1007.6617999881188,0.12829851976337348,0.41604968312378987,772.8464703074409,9.0,39.0,0.0,3.0,0.0
3,32.0,Woman / Weiblich,1.0,3.0,60.0,Donner_g_ch1_g3_compr.mp4,ch1g3,4.0,1.0,Donner,Donner_g_ch1,1.053054107261501,2.8967748255459607,219.06710799481527,-3.413508,-1.9503194,818.8453565664157,0.10340111556892184,0.1614785602683919,264.04267427873515,8.0,43.0,1.0,4.0,0.0
36,15.0,Man / Männlich,1.0,3.0,45.0,kalt_g_ch2_g16_compr.mp4,ch2g16,17.0,2.0,kalt,kalt_g_ch2,0.697777678954619,1.266770940647893,2033.3333333333292,-2.8286266,-1.5942123,766.1235943817626,0.34222713629729407,0.4886497425226033,550.000000000003,0.0,2.0,0.0,1.0,1.0
6,24.0,Woman / Weiblich,1.0,3.0,71.0,rennen_g_ch1_g6_compr.mp4,ch1g6,7.0,1.0,rennen,rennen_g_ch1,0.5443390297464425,2.8728733408202403,477.939249200064,-3.4053104,-3.9884975,416.81257460449854,0.026983893569508366,0.09671288386447241,338.3427611096431,35.0,5.0,1.0,1.0,0.0
19,57.0,Woman / Weiblich,1.0,2.0,39.0,rennen_g_ch1_g19_compr.mp4,ch1g19,20.0,1.0,rennen,rennen_g_ch1,0.2842862941199708,2.5808407247981715,627.2548713139624,-2.8618908,-3.5764031,662.0054967426805,0.22284327727406533,0.16184527995971454,340.3896300129875,38.0,25.0,0.0,0.0,0.0
49,50.0,Man / Männlich,1.0,3.0,80.0,kalt_g_ch3_g9_compr.mp4,ch3g9,10.0,3.0,kalt,kalt_g_ch3,0.7702585021259063,0.9890569710277676,0.0,5.587411,1.4732786,1453.2475870362302,0.11503426581550835,1.1055928554252588,632.6019168364753,22.0,52.0,1.0,2.0,0.0
25,33.0,Man / Männlich,1.0,2.0,80.0,Donner_g_ch2_g5_compr.mp4,ch2g5,6.0,2.0,Donner,Donner_g_ch2,1.5537166180339166,2.452639804543624,772.74285456054,-3.4708605,0.05142967,3372.1331380714573,0.3232562710889306,0.7465616444703103,1763.9084813546037,33.0,20.0,1.0,3.0,0.0
54,26.0,Non-binary / Nicht-binär,1.0,2.0,70.0,rennen_g_ch3_g14_compr.mp4,ch3g14,15.0,3.0,rennen,rennen_g_ch3,0.4927049571871031,2.859046304180953,249.71337736159077,-3.146176,-4.098895,333.96785379779107,0.0989499085232417,0.032768933922938004,192.6698816410599,6.0,20.0,1.0,1.0,0.0
49,50.0,Man / Männlich,1.0,3.0,80.0,rennen_g_ch3_g9_compr.mp4,ch3g9,10.0,3.0,rennen,rennen_g_ch3,0.6639717949202018,2.7651193167593173,361.5228421996252,-5.6643076,-2.363433,840.8177306042462,0.10122861299881114,0.03884271025898611,10.756382322115144,22.0,52.0,1.0,2.0,0.0
10,25.0,Man / Männlich,1.0,3.0,70.0,Donner_g_ch1_g10_compr.mp4,ch1g10,11.0,1.0,Donner,Donner_g_ch1,1.5741799295368435,1.784507460984517,302.6216467986234,-2.701219,0.45379904,241.91677535693975,0.025084652039780053,0.7338395390412653,92.04769440852868,33.0,20.0,1.0,2.0,0.0
6,24.0,Woman / Weiblich,1.0,3.0,71.0,kalt_g_ch1_g6_compr.mp4,ch1g6,7.0,1.0,kalt,kalt_g_ch1,0.1758850303676078,2.6619926399526963,372.93649949161966,6.5065703,1.798882,526.6490135624452,0.5008107348328806,0.44030180202799407,168.86872768575574,35.0,5.0,1.0,1.0,0.0
7,50.0,Woman / Weiblich,1.0,2.0,40.0,Donner_g_ch1_g7_compr.mp4,ch1g7,8.0,1.0,Donner,Donner_g_ch1,1.2007898411670852,2.8077176862754905,66.66666666665901,6.4643474,4.2290845,753.7006588375746,0.0882342337629951,0.3187940705861254,547.3337631196455,26.0,31.0,0.0,1.0,0.0
35,15.0,Man / Männlich,2.0,4.0,43.0,leise_g_ch2_g15_compr.mp4,ch2g15,16.0,2.0,leise,leise_g_ch2,0.3989071046264261,0.7509155801233327,0.0,-2.1059794,-2.535681,1.2095024231799982,0.09747756784474931,0.6520986862076612,0.0,1.0,18.0,0.0,1.0,1.0
24,66.0,Woman / Weiblich,1.0,5.0,60.0,kalt_g_ch2_g4_compr.mp4,ch2g4,5.0,2.0,kalt,kalt_g_ch2,0.508540552447944,1.1311123720766345,1749.9999999999927,7.1594057,0.7979869,853.6914322951559,0.4300386193047232,1.0493562915311465,449.9999999999957,31.0,17.0,0.0,1.0,0.0
24,66.0,Woman / Weiblich,1.0,5.0,60.0,rennen_g_ch2_g4_compr.mp4,ch2g4,5.0,2.0,rennen,rennen_g_ch2,0.3285117660501387,2.3648154594785917,997.3032213312908,-2.6901152,-3.3905232,1051.0354182637882,0.171369212585403,0.09631825558526019,598.1339450698131,31.0,17.0,0.0,1.0,0.0
60,35.0,Man / Männlich,1.0,2.0,85.0,Donner_g_ch3_g20_compr.mp4,ch3g20,21.0,3.0,Donner,Donner_g_ch3,2.067102980016535,1.7624511014807047,143.0690392782468,-2.5633907,0.7870129,827.5522714848784,0.36697542957095486,0.8756175973076146,563.4482405293069,8.0,45.0,1.0,1.0,0.0
48,28.0,Woman / Weiblich,1.0,1.0,28.0,Donner_g_ch3_g8_compr.mp4,ch3g8,9.0,3.0,Donner,Donner_g_ch3,1.306360386722501,2.3826545747877192,531.0367218940704,-2.8423588,0.096941076,332.95037811541454,0.1067184826841523,0.07803781687968625,12.47040777397433,5.0,34.0,0.0,2.0,0.0
40,,,,,,langsam_g_ch2_g20_compr.mp4,ch2g20,21.0,2.0,langsam,langsam_g_ch2,1.2015108649120545,2.615224494625547,429.9727237975444,-5.0410333,-0.6609619,,,,,,,,,
2,24.0,Prefer not to say / Keine Angabe,1.0,7.0,17.0,kalt_g_ch1_g2_compr.mp4,ch1g2,3.0,1.0,kalt,kalt_g_ch1,0.9135297726376,1.635409947818534,1883.3333333333255,7.65446,2.265507,2708.5333678010975,0.0015042192845464708,0.34328121274957235,1883.3333333333255,2.0,23.0,1.0,4.0,0.0
14,11.0,Man / Männlich,1.0,2.0,40.0,Donner_g_ch1_g14_compr.mp4,ch1g14,15.0,1.0,Donner,Donner_g_ch1,1.138649510650942,2.796632670323881,471.60089843787046,6.4557323,4.3218975,743.8295317114469,0.1618228450119764,0.264845319595004,419.9575927503852,1.0,10.0,1.0,0.0,0.0
50,62.0,Man / Männlich,1.0,2.0,75.0,rennen_g_ch3_g10_compr.mp4,ch3g10,11.0,3.0,rennen,rennen_g_ch3,0.4440238481556112,2.7697832965804103,69.92715611645096,-3.5027232,-4.049255,1081.3736283460005,0.21994794676459056,0.004663979821093012,291.5956860831742,12.0,5.0,0.0,1.0,0.0
21,22.0,Non-binary / Nicht-binär,1.0,3.0,50.0,Donner_g_ch2_g1_compr.mp4,ch2g1,2.0,2.0,Donner,Donner_g_ch2,0.071846532240054,0.0,0.0,5.2480206,0.41447142,387.4409832294588,1.290396928670289,2.86312211544879,281.1879561195093,,,,,
59,27.0,Woman / Weiblich,1.0,3.0,40.0,Donner_g_ch3_g19_compr.mp4,ch3g19,20.0,3.0,Donner,Donner_g_ch3,2.4340784095874897,2.6380686987883193,706.5172798075537,-2.6186547,0.9228617,832.0795380783037,0.11561704760282643,0.3292085662705482,397.87909741607837,1.0,20.0,1.0,1.0,0.0
32,24.0,Woman / Weiblich,1.0,4.0,41.0,kalt_g_ch2_g12_compr.mp4,ch2g12,13.0,2.0,kalt,kalt_g_ch2,0.7446563595999467,1.8272661576849647,0.0,-2.8648076,-2.4469206,1527.96458053604,0.15743764623571233,0.15634252860963538,955.4303858587712,12.0,29.0,0.0,1.0,0.0
2,24.0,Prefer not to say / Keine Angabe,1.0,7.0,17.0,rennen_g_ch1_g2_compr.mp4,ch1g2,3.0,1.0,rennen,rennen_g_ch1,0.3579452995646319,2.9173795892904444,68.54979266251705,-2.7415047,-4.352912,91.54970914700348,0.029349711558525393,0.19963178275024918,48.84007889565619,2.0,23.0,1.0,4.0,0.0
0,,,,,,Donner_g_ch1_g0_compr.mp4,ch1g0,1.0,1.0,Donner,Donner_g_ch1,1.362243460910343,2.86312211544879,281.1879561195093,-4.081382,-0.10175563,,,,,,,,,
32,24.0,Woman / Weiblich,1.0,4.0,41.0,leise_g_ch2_g12_compr.mp4,ch2g12,13.0,2.0,leise,leise_g_ch2,0.4189174023704269,1.5159146012572071,0.0,4.9940596,-1.1016222,1007.6592085329664,0.10187554526695158,0.6900267382934291,772.8464703074409,12.0,29.0,0.0,1.0,0.0
23,35.0,Woman / Weiblich,1.0,4.0,43.0,kalt_g_ch2_g3_compr.mp4,ch2g3,4.0,2.0,kalt,kalt_g_ch2,0.9385791717526673,2.180468663607781,1299.999999999997,-3.6542635,-0.7932579,1712.2537011119755,0.18320360663467017,0.9364988307644053,646.9983228384749,24.0,26.0,0.0,1.0,0.0
23,35.0,Woman / Weiblich,1.0,4.0,43.0,rennen_g_ch2_g3_compr.mp4,ch2g3,4.0,2.0,rennen,rennen_g_ch2,0.4998809786355417,2.461133715063852,399.1692762614777,-3.247212,-3.4564202,168.7176534141831,0.1576660679088171,0.32959712350282055,20.294231991460094,24.0,26.0,0.0,1.0,0.0
13,10.0,Woman / Weiblich,1.0,2.0,50.0,Donner_g_ch1_g13_compr.mp4,ch1g13,14.0,1.0,Donner,Donner_g_ch1,0.9768266656389656,2.531787350728877,891.5584911882556,6.975334,3.1806781,488.739776765589,0.4674341555146063,0.18254221085457,233.22515785492465,15.0,5.0,1.0,2.0,0.0
5,59.0,Man / Männlich,1.0,2.0,66.0,kalt_g_ch1_g5_compr.mp4,ch1g5,6.0,1.0,kalt,kalt_g_ch1,0.6766957652004885,2.2216908379247022,204.0677718058639,6.163036,2.2227788,769.6750012701833,0.18196660676189536,0.3246680223210372,268.6697088571195,1.0,20.0,1.0,1.0,0.0
57,50.0,Woman / Weiblich,1.0,2.0,30.0,rennen_g_ch3_g17_compr.mp4,ch3g17,18.0,3.0,rennen,rennen_g_ch3,0.7006708805097734,2.8321898025134287,94.8088354415222,-4.989166,-2.8970838,68.89576102321335,0.1296023302080107,0.38267535087225646,39.27596025251797,29.0,50.0,1.0,0.0,1.0
26,,Woman / Weiblich,,,,Donner_g_ch2_g6_compr.mp4,ch2g6,7.0,2.0,Donner,Donner_g_ch2,1.2651513020899432,2.4202086356045713,1053.7445630543791,-3.0025353,-0.049329,1560.4871224959195,0.2885653159439734,0.032431168939052846,281.00170849383915,,,,,
35,15.0,Man / Männlich,2.0,4.0,43.0,kalt_g_ch2_g15_compr.mp4,ch2g15,16.0,2.0,kalt,kalt_g_ch2,1.040004815251913,1.7554206831704964,1483.3333333333262,-3.0435593,-1.6415824,1298.558960326561,0.30020067237075965,0.03568550611264709,810.9504324263359,1.0,18.0,0.0,1.0,1.0
5,59.0,Man / Männlich,1.0,2.0,66.0,rennen_g_ch1_g5_compr.mp4,ch1g5,6.0,1.0,rennen,rennen_g_ch1,0.5713229233159509,2.776160456955768,139.5964880904209,-4.051057,-3.8032064,213.30129909712284,0.1191503943850103,0.09328131485172486,86.89186042094683,1.0,20.0,1.0,1.0,0.0
27,13.0,Woman / Weiblich,2.0,5.0,73.0,rennen_g_ch2_g7_compr.mp4,ch2g7,8.0,2.0,rennen,rennen_g_ch2,0.4709395041469979,2.637379665931295,809.2491947844308,-3.0048304,-3.627815,852.8663387067968,0.03901575492021192,0.23732487701269056,730.2586499525361,,,,,
27,13.0,Woman / Weiblich,2.0,5.0,73.0,kalt_g_ch2_g7_compr.mp4,ch2g7,8.0,2.0,kalt,kalt_g_ch2,0.6411617628366764,2.1324298149476535,905.882013411363,6.573898,2.2158887,591.1711538068242,0.36264409151338706,0.1158795071755736,553.2689996129488,,,,,
36,15.0,Man / Männlich,1.0,3.0,45.0,leise_g_ch2_g16_compr.mp4,ch2g16,17.0,2.0,leise,leise_g_ch2,0.4618681111732807,1.1180651592034794,0.0,4.7445197,-0.84986156,8.646331524568874,0.0629610065468546,0.36714957908014667,0.0,0.0,2.0,0.0,1.0,1.0
4,60.0,Woman / Weiblich,1.0,3.0,86.0,Donner_g_ch1_g4_compr.mp4,ch1g4,5.0,1.0,Donner,Donner_g_ch1,1.704077021509622,2.885931729167419,381.06211217245465,-2.7032883,0.60035694,223.37151035118387,0.651022914248121,0.010843096378541528,161.99500417763937,28.0,26.0,0.0,0.0,0.0
31,36.0,Woman / Weiblich,1.0,5.0,12.0,kalt_g_ch2_g11_compr.mp4,ch2g11,12.0,2.0,kalt,kalt_g_ch2,0.5872187133642344,1.9836086862946,955.4303858587712,6.985233,2.0514538,327.29018879586334,0.293053265920574,0.02346164543006024,168.98304146926603,9.0,39.0,0.0,3.0,0.0
1,26.0,Woman / Weiblich,1.0,3.0,40.0,rennen_g_ch1_g1_compr.mp4,ch1g1,2.0,1.0,rennen,rennen_g_ch1,0.3872950111231573,2.717747806540195,117.38987155817324,-2.6646552,-4.32943,60.331660532451274,0.08664618032777299,0.05309014041621696,40.15908440592389,,,,,
22,59.0,Woman / Weiblich,1.0,3.0,69.0,Donner_g_ch2_g2_compr.mp4,ch2g2,3.0,2.0,Donner,Donner_g_ch2,1.2532723525644245,2.6472704553043083,1282.383005517268,-3.7839785,-0.22771063,1899.5974912249735,1.1814258203243706,2.6472704553043083,1282.383005517268,37.0,19.0,1.0,0.0,0.0
53,32.0,Woman / Weiblich,1.0,3.0,50.0,rennen_g_ch3_g13_compr.mp4,ch3g13,14.0,3.0,rennen,rennen_g_ch3,0.3937550486638614,2.891815238103891,442.3832590026507,-2.620936,-4.216525,300.871787717271,0.2041852547263942,0.38249962343696575,32.188733672153376,11.0,3.0,1.0,0.0,0.0
1,26.0,Woman / Weiblich,1.0,3.0,40.0,kalt_g_ch1_g1_compr.mp4,ch1g1,2.0,1.0,kalt,kalt_g_ch1,0.9120255533530536,1.9786911605681063,0.0,6.160631,2.9986212,594.6786477800608,0.19430916860411662,0.0011535116781860033,41.57397096415653,,,,,
17,,Woman / Weiblich,,,,Donner_g_ch1_g17_compr.mp4,ch1g17,18.0,1.0,Donner,Donner_g_ch1,0.6412239597168634,2.5394096958636054,143.61406616345008,6.2166986,2.2042353,535.1983125877907,0.35136787463924657,0.19022050926145884,163.36179949827826,,,,,
29,69.0,Woman / Weiblich,1.0,4.0,45.0,leise_g_ch2_g9_compr.mp4,ch2g9,10.0,2.0,leise,leise_g_ch2,0.4342553221834197,1.2466352095142113,1174.6748959227418,6.754126,-0.7468717,1660.9075725179162,0.23940218481951453,0.9528315212276977,1174.6748959227418,11.0,35.0,0.0,3.0,0.0
51,21.0,Man / Männlich,1.0,2.0,60.0,leise_g_ch3_g11_compr.mp4,ch3g11,12.0,3.0,leise,leise_g_ch3,0.1005515943986815,1.4672898402114578,0.0,5.7755,-0.83907187,2683.9809598405104,0.279738426523952,0.6455023023418933,2541.666666666674,41.0,15.0,0.0,0.0,0.0
21,22.0,Non-binary / Nicht-binär,1.0,3.0,50.0,langsam_g_ch2_g1_compr.mp4,ch2g1,2.0,2.0,langsam,langsam_g_ch2,0.6913367448264444,2.788514303654335,925.3981867179052,-3.7803848,-2.387889,1311.7589641978436,0.08030190447745233,0.10528527566018697,764.3828895380251,,,,,
56,21.0,Man / Männlich,2.0,2.0,80.0,kalt_g_ch3_g16_compr.mp4,ch3g16,17.0,3.0,kalt,kalt_g_ch3,0.765060380861269,2.406868162466385,0.0,-3.935527,-2.1864815,1979.2802522790944,0.01785128770333433,0.541735615670665,1608.3333333333214,1.0,50.0,1.0,2.0,0.0
48,28.0,Woman / Weiblich,1.0,1.0,28.0,langsam_g_ch3_g8_compr.mp4,ch3g8,9.0,3.0,langsam,langsam_g_ch3,1.0218971234810996,2.658240627134806,780.9271555159454,-5.970533,-1.2390832,394.5507042087906,0.027166476283382313,0.1800185248224082,364.5847817149795,5.0,34.0,0.0,2.0,0.0
10,25.0,Man / Männlich,1.0,3.0,70.0,langsam_g_ch1_g10_compr.mp4,ch1g10,11.0,1.0,langsam,langsam_g_ch1,0.7921837653702636,2.7610779163719585,393.31691166627286,-6.1643615,-1.395286,650.4181057356515,0.420063871532894,0.04584444054304049,201.3315313934296,33.0,20.0,1.0,2.0,0.0
34,14.0,Man / Männlich,3.0,5.0,61.0,rennen_g_ch2_g14_compr.mp4,ch2g14,15.0,2.0,rennen,rennen_g_ch2,1.261931258169834,2.7623621904559497,104.62897410479724,-5.423826,-0.53317904,408.2532524660001,0.8163111657149599,0.09639912561586028,288.91459808242325,41.0,19.0,0.0,3.0,2.0
7,50.0,Woman / Weiblich,1.0,2.0,40.0,langsam_g_ch1_g7_compr.mp4,ch1g7,8.0,1.0,langsam,langsam_g_ch1,0.5716923647644345,2.8567864238766876,537.9842779611115,-5.865184,-2.2573662,395.4462490067141,0.1279163041313024,0.04287909030838133,228.82830879648384,26.0,31.0,0.0,1.0,0.0
25,33.0,Man / Männlich,1.0,2.0,80.0,langsam_g_ch2_g5_compr.mp4,ch2g5,6.0,2.0,langsam,langsam_g_ch2,0.3507635637954065,2.508280000973309,425.1829671512653,-5.5098906,-3.0864484,1718.4093595599072,0.25942836068210906,0.0542480754729775,239.11839239595884,33.0,20.0,1.0,3.0,0.0
55,20.0,Woman / Weiblich,2.0,4.0,30.0,leise_g_ch3_g15_compr.mp4,ch3g15,16.0,3.0,leise,leise_g_ch3,0.392708910765481,1.1204133052119631,0.0,4.9281626,-0.5898909,8.635252518917229,0.08948447267323834,0.22963796800550806,0.0,6.0,40.0,1.0,2.0,1.0
40,,,,,,Donner_g_ch2_g20_compr.mp4,ch2g20,21.0,2.0,Donner,Donner_g_ch2,2.0701034564207603,2.888395575444307,353.97003344986655,-4.8318872,-0.16341797,246.6578878501346,0.577922403310156,0.436823173626383,178.0747253292771,,,,,
60,35.0,Man / Männlich,1.0,2.0,85.0,langsam_g_ch3_g20_compr.mp4,ch3g20,21.0,3.0,langsam,langsam_g_ch3,1.0786005275073614,2.761735999241602,815.9382453597677,-6.008764,-1.0252733,548.0379755961784,0.1485477209820023,0.055219893002950826,146.25327357639821,8.0,45.0,1.0,1.0,0.0
18,19.0,Woman / Weiblich,1.0,2.0,64.0,leise_g_ch1_g18_compr.mp4,ch1g18,19.0,1.0,leise,leise_g_ch1,0.5053718659011465,1.762806052149405,0.0,4.8976464,-1.3903514,3.4606905086574606,0.032838906207916185,0.22862778394824135,0.0,,,,,
44,28.0,Woman / Weiblich,1.0,5.0,46.0,leise_g_ch3_g4_compr.mp4,ch3g4,5.0,3.0,leise,leise_g_ch3,0.2901321056466509,2.730056590541227,243.29837958547404,5.9102287,-1.0703285,344.4221359967667,0.1486093301318262,1.150500214454198,243.29837958547404,13.0,27.0,0.0,0.0,0.0
3,32.0,Woman / Weiblich,1.0,3.0,60.0,langsam_g_ch1_g3_compr.mp4,ch1g3,4.0,1.0,langsam,langsam_g_ch1,0.6235714000555345,2.8330912538721154,104.66878978738416,-3.407312,-4.4036045,159.3545905929518,0.10244734036668979,0.02125213196974096,135.099616990674,8.0,43.0,1.0,4.0,0.0
14,11.0,Man / Männlich,1.0,2.0,40.0,langsam_g_ch1_g14_compr.mp4,ch1g14,15.0,1.0,langsam,langsam_g_ch1,0.818556570413341,2.80186166799011,960.2912235691484,-6.0517116,-1.4394661,570.8305742760823,0.04587472234614687,0.028538734689491196,240.18213546829054,1.0,10.0,1.0,0.0,0.0
30,45.0,Woman / Weiblich,1.0,2.0,51.0,rennen_g_ch2_g10_compr.mp4,ch2g10,11.0,2.0,rennen,rennen_g_ch2,0.6447100496407853,2.8247107915955714,438.3410283590374,-3.8797088,-3.0233452,433.85021968861287,0.01733503224061661,0.22828086107202816,327.9251478586915,24.0,6.0,0.0,2.0,0.0
39,39.0,Woman / Weiblich,1.0,3.0,41.0,Donner_g_ch2_g19_compr.mp4,ch2g19,20.0,2.0,Donner,Donner_g_ch2,1.4921810531106043,2.451572401817924,532.0447587791436,-4.8385577,-0.21025012,385.8111745882373,0.2793605227105649,0.32313729377928935,78.84761147899252,30.0,7.0,0.0,1.0,0.0
52,21.0,Man / Männlich,1.0,3.0,53.0,kalt_g_ch3_g12_compr.mp4,ch3g12,13.0,3.0,kalt,kalt_g_ch3,0.6087887366163132,0.8877906313391833,2024.999999999995,7.7400446,1.9906957,3088.123405518068,0.1429865286956712,1.4277536062973675,1698.5402571237566,0.0,7.0,0.0,1.0,0.0
59,27.0,Woman / Weiblich,1.0,3.0,40.0,langsam_g_ch3_g19_compr.mp4,ch3g19,20.0,3.0,langsam,langsam_g_ch3,0.930052806525359,2.7065161062386514,669.6849717833695,-5.3921022,-1.934432,745.3043631841213,0.19280975062649908,0.07554242623938157,194.52418028455634,1.0,20.0,1.0,1.0,0.0
0,,,,,,leise_g_ch2_g0_compr.mp4,ch2g0,1.0,2.0,leise,leise_g_ch2,0.3140659400090962,1.5801130277858308,746.6127212655551,6.3477187,-0.773674,,,,,,,,,
0,,,,,,leise_g_ch3_g0_compr.mp4,ch3g0,1.0,3.0,leise,leise_g_ch3,0.3140659400090962,1.5801130277858308,746.6127212655551,6.3477187,-0.773674,,,,,,,,,
0,,,,,,langsam_g_ch2_g0_compr.mp4,ch2g0,1.0,2.0,langsam,langsam_g_ch2,0.7716386493038967,2.893799579314522,161.01529717988012,-4.6256213,-3.0884786,,,,,,,,,
0,,,,,,langsam_g_ch3_g0_compr.mp4,ch3g0,1.0,3.0,langsam,langsam_g_ch3,0.7716386493038967,2.893799579314522,161.01529717988012,-4.6256213,-3.0884786,,,,,,,,,
0,,,,,,rennen_g_ch2_g0_compr.mp4,ch2g0,1.0,2.0,rennen,rennen_g_ch2,0.4739411914509303,2.770837946956412,157.54895596409713,-3.8187609,-3.1597028,,,,,,,,,
0,,,,,,rennen_g_ch3_g0_compr.mp4,ch3g0,1.0,3.0,rennen,rennen_g_ch3,0.4739411914509303,2.770837946956412,157.54895596409713,-3.8187609,-3.1597028,,,,,,,,,
0,,,,,,Donner_g_ch2_g0_compr.mp4,ch2g0,1.0,2.0,Donner,Donner_g_ch2,1.362243460910343,2.86312211544879,281.1879561195093,-4.081382,-0.10175563,,,,,,,,,
0,,,,,,Donner_g_ch3_g0_compr.mp4,ch3g0,1.0,2.0,Donner,Donner_g_ch3,1.362243460910343,2.86312211544879,281.1879561195093,-4.081382,-0.10175563,,,,,,,,,
0,,,,,,kalt_g_ch2_g0_compr.mp4,ch2g0,1.0,2.0,kalt,kalt_g_ch2,0.717716384748937,1.9775376488899203,41.57397096415653,6.101804,2.3032367,,,,,,,,,
0,,,,,,kalt_g_ch3_g0_compr.mp4,ch3g0,1.0,2.0,kalt,kalt_g_ch3,0.717716384748937,1.9775376488899203,41.57397096415653,6.101804,2.3032367,,,,,,,,,
