participantID,generation_number,chain_number,chainID,age,extrovert,TotalLanguages,Gender,NumOfNativeLanguages,diff_in_age,diff_in_extrovert,diff_in_gender,diff_in_TotalNativeLanguages,diff_in_TotalLanguages,diff_in_gesture_space_Donner,diff_in_entropy_Donner,diff_in_variability_Donner,diff_in_gesture_space_kalt,diff_in_entropy_kalt,diff_in_variability_kalt,diff_in_gesture_space_langsam,diff_in_entropy_langsam,diff_in_variability_langsam,diff_in_gesture_space_leise,diff_in_entropy_leise,diff_in_variability_leise,diff_in_gesture_space_rennen,diff_in_entropy_rennen,diff_in_variability_rennen,diff_in_gesture_space_mean,diff_in_entropy_mean,diff_in_variability_mean,total_dist_Donner,total_dist_kalt,total_dist_langsam,total_dist_leise,total_dist_rennen,total_dist_mean,gesture_space_Donner,entropy_Donner,variability_Donner,total_dist_onweer,diff_in_gesture_space_onweer,gesture_space_onweer,diff_in_entropy_onweer,entropy_onweer,diff_in_variability_onweer,variability_onweer,gesture_space_kalt,entropy_kalt,variability_kalt,total_dist_lndw_lndw_rennen,diff_in_gesture_space_lndw_lndw_rennen,gesture_space_lndw_lndw_rennen,diff_in_entropy_lndw_lndw_rennen,entropy_lndw_lndw_rennen,diff_in_variability_lndw_lndw_rennen,variability_lndw_lndw_rennen,gesture_space_leise,entropy_leise,variability_leise,total_dist_stil,diff_in_gesture_space_stil,gesture_space_stil,diff_in_entropy_stil,entropy_stil,diff_in_variability_stil,variability_stil,total_dist_nijmegen_nijmegen_rennen,diff_in_gesture_space_nijmegen_nijmegen_rennen,gesture_space_nijmegen_nijmegen_rennen,diff_in_entropy_nijmegen_nijmegen_rennen,entropy_nijmegen_nijmegen_rennen,diff_in_variability_nijmegen_nijmegen_rennen,variability_nijmegen_nijmegen_rennen,total_dist_koud,diff_in_gesture_space_koud,gesture_space_koud,diff_in_entropy_koud,entropy_koud,diff_in_variability_koud,variability_koud,gesture_space_langsam,entropy_langsam,variability_langsam,total_dist_langzaam,diff_in_gesture_space_langzaam,gesture_space_langzaam,diff_in_entropy_langzaam,entropy_langzaam,diff_in_variability_langzaam,variability_langzaam,gesture_space_mean,entropy_mean,variability_mean
0,,,,,,,,,,,,,,,,,,,,,,,,,,,,,,,,,,,,,,,,,,,,,,,,,,,,,,,,,,,,,,,,,,,,,,,,,,,,,,,,,,,,,,,,,,,,,,
1,1,1,ch1g1,26.0,40.0,3.0,Woman / Weiblich,1.0,,,,,,0.36740989300777693,0.20723452582939705,224.48647573173187,0.09609509554260887,0.13491708873151476,0.0,0.32428789052261725,0.02798105470290979,171.4403303510075,0.08654372276783362,0.1328903932169605,916.6666666666678,,,,0.21858415046020918,0.12575576562019553,328.1483681873518,399.1368017245695,63.466374612678706,441.84316519005586,1296.362446522746,,550.2021970125126,0.99103267984894,2.916205961450928,375.00000000000045,,,,,,,,0.815923152011077,2.107481012303948,0.0,77.52883023625131,0.052172615956334295,0.0448270997435387,0.02229378312155683,2.754613985201931,77.52713473463118,38.18813079130014,0.4176065805098441,1.4463056239589889,0.0,,,,,,,,,,,,,,,,,,,,,,0.4032405801330559,2.778851170425802,38.58612300930038,,,,,,,,0.5345260184492912,2.4006915506683195,90.35485076012019
2,2,1,ch1g2,24.0,17.0,7.0,Prefer not to say / Keine Angabe,1.0,2,23,1,0,4,0.12287505772575447,0.22565078966845364,93.05349488501378,0.08016416437168605,0.3826096066425657,1166.6666666666615,0.1494020979512392,0.038018376442113144,206.63046052351478,0.05003085876288488,0.45895893025900714,883.3333333333352,,,,0.10061804470289115,0.2763094257530349,587.4209888521314,363.4223815961787,1762.1011504909854,368.6300877868068,1255.1284605083106,,937.3205200955705,1.1139077375746944,2.6905551717824743,468.05349488501423,,,,,,,,0.8960873163827631,1.7248714056613823,1166.6666666666615,93.00253195555702,0.012022038972842201,0.0568491387163809,0.10726093277577275,2.861874917977704,93.0021293416129,131.19026013291304,0.467637439272729,1.905264554217996,883.3333333333352,,,,,,,,,,,,,,,,,,,,,,0.5526426780842951,2.816869546867915,245.21658353281515,,,,,,,,0.6174248620061725,2.399887119301494,578.8920677101478
3,3,1,ch1g3,32.0,60.0,3.0,Woman / Weiblich,1.0,8,43,1,0,4,0.10190526731658034,0.19843751332143134,245.44580451147266,0.33046319564351734,0.016944279377009597,176.8362175877753,0.08444510884800682,0.018299270078346197,159.32259202131902,0.05658948465836172,0.5864714305427949,294.7065572846409,,,,0.14335076411661657,0.20503812332989552,219.07779285130198,847.0161838173216,1234.9301709012143,229.92705002992463,455.4146797678944,,691.8220211290887,1.012002470258114,2.8889926851039056,222.60769037354157,,,,,,,,0.5656241207392457,1.7079271262843727,1343.5028842544368,89.52365675610538,0.0032236921458212997,0.0600728308622022,0.021928006015580426,2.8399469119621235,89.52359346624445,41.66666666666858,0.4110479546143673,2.491735984760791,588.6267760486943,,,,,,,,,,,,,,,,,,,,,,0.637087786932302,2.835168816946261,85.89399151149613,,,,,,,,0.5371670326812461,2.552754305011491,456.4596017709675
4,4,1,ch1g4,60.0,86.0,3.0,Woman / Weiblich,1.0,28,26,0,0,0,0.5524300802292468,0.022426160186679756,206.19474406191898,0.3015098873467772,0.09913830216893982,88.26386319112112,0.5095537233007024,0.004602931460441884,480.3187581414983,0.02934867076106662,0.4687286516438207,184.05223958408214,,,,0.34821059040944824,0.14872401136497054,239.70740124465513,290.4419176260942,99.95531824960418,663.5092068319119,702.8768821449399,,439.1958312131376,1.5644325504873609,2.866566524917226,428.80243443546055,,,,,,,,0.8671340080860229,1.608788824115433,1255.2390210633157,12.346127969998378,0.031195553502806707,0.0912683843650089,0.06730228788595216,2.7726446240761713,12.339505820064453,54.006172486733035,0.4403966253754339,2.0230073331169702,404.57453646461215,,,,,,,,,,,,,,,,,,,,,,1.1466415102330043,2.8305658854858193,566.2127496529944,,,,,,,,0.8219746157093661,2.420314638342324,541.7669828206233
5,5,1,ch1g5,59.0,66.0,2.0,Man / Männlich,1.0,1,20,1,0,1,0.22231164792445535,0.6753303039750662,412.3690370520486,0.19262764920254072,0.6976580263064651,880.3806149821198,0.1422474479035689,0.08752283478734224,310.8456158282644,0.17433762740231368,1.1691153625467257,404.57453646461215,,,,0.18288109310821965,0.6574066319038998,502.0424510817612,916.037064937149,1629.3087116392046,588.8296469224575,572.185333074712,,926.5901891433808,1.7867441984118162,2.1912362209421596,841.1714714875092,,,,,,,,0.6745063588834822,2.306446850421898,374.8584060811958,5.8076432545675525,0.02233970492739759,0.1136080892924065,0.0173302445826784,2.755314379493493,5.796952802216232,48.2092196845168,0.2660589979731202,0.8538919705702446,0.0,,,,,,,,,,,,,,,,,,,,,,1.0043940623294354,2.743043050698477,255.36713382473,,,,,,,,0.7690623413780522,2.1699864944252543,303.9212462155903
6,6,1,ch1g6,24.0,71.0,3.0,Woman / Weiblich,1.0,35,5,1,0,1,0.7359796248157291,0.3093231045052507,215.63003933986852,0.5264472471073485,0.37857564822909984,68.69103999118016,0.29031088040451425,0.0019400057777962942,446.98537010796406,0.06293109410929082,0.38334752052145427,1800.0000000000014,,,,0.40391721160922067,0.26829656975840027,632.8266123597535,479.99916039392434,326.59520303725543,607.9193299675657,1800.0003785324986,,803.628517982811,1.050764573596087,2.5005593254474103,625.5414321476406,,,,,,,,0.1480591117761338,2.685022498650998,443.549446072376,182.3385478066325,0.006958314215736797,0.1066497750766697,0.06258860158912327,2.817902981082616,182.33779816138824,230.54701784590503,0.2031279038638294,1.2372394910916988,1800.0000000000014,,,,,,,,,,,,,,,,,,,,,,0.7140831819249212,2.741103044920681,702.352503932694,,,,,,,,0.4445369092475282,2.396365468238681,760.3980799997234
7,7,1,ch1g7,50.0,40.0,2.0,Woman / Weiblich,1.0,26,31,0,0,1,0.13005579300566827,0.26262523239560487,592.2080988143153,0.3434247148007503,1.204346436822579,617.6343792430621,0.14416879348900402,0.059614125759039016,156.01540564472714,0.23360921560849068,0.24328100875708247,266.6666666666624,,,,0.21281462922597832,0.4424667009335763,408.13113759219175,974.987518415185,1213.0631959865057,265.8152253865636,2083.799976450523,,1134.4164790596942,1.1808203666017554,2.763184557843015,33.3333333333253,,,,,,,,0.4914838265768841,1.480676061828419,1061.183825315438,1.3013372141096624,0.09000744815388509,0.1966572232305548,0.01984707810784636,2.79805590297477,1.1833115831961436,229.3637062627089,0.4367371194723201,0.9939584823346164,2066.666666666664,,,,,,,,,,,,,,,,,,,,,,0.5699143884359171,2.80071717067972,546.3370982879669,,,,,,,,0.5751225848634863,2.167318435132108,787.3769259732206
8,8,1,ch1g8,24.0,54.0,5.0,Woman / Weiblich,4.0,26,14,0,3,3,0.017803921794732114,0.12339532696120781,37.37734478532414,0.006600218140548397,0.49552687196808276,544.6696649192008,0.36307365443180084,0.061338151566492805,170.92586201737817,0.08905677395147177,0.13597572184739637,2066.666666666664,,,,0.11913364207963828,0.20405901808579494,704.9098845971417,95.4559306670416,1379.2926788890798,773.1128432286109,2922.708278673637,,1292.6424328645921,1.1986242883964875,2.886579884804223,70.71067811864944,,,,,,,,0.4848836084363357,1.9762029337965017,1605.853490234639,184.573548625251,0.0475462628874328,0.149110960343122,0.06730834159372101,2.865364244568491,184.57338543883006,44.79032082387883,0.3476803455208483,0.85798276048722,0.0,,,,,,,,,,,,,,,,,,,,,,0.932988042867718,2.8620553222462126,375.41123627058874,,,,,,,,0.6226574491129023,2.28963702918053,419.3531450895513
9,9,1,ch1g9,58.0,50.0,1.0,Woman / Weiblich,1.0,34,4,0,3,4,0.26242818556709957,0.333038636656648,291.5354015319389,0.24084776523717344,0.037645953030286616,160.6433569493886,0.548203173786697,0.34055790452753776,92.66698606219632,0.1350363839283042,0.5084204498977264,1999.999999999996,,,,0.29662887712981856,0.30491573602804967,636.2114361358799,423.7603898448413,700.859686406916,182.53051467334848,2000.0006811301928,,826.7878180138247,1.461052473963587,2.553541248147575,362.24607965058834,,,,,,,,0.7257313736735092,2.0138488868267883,1766.4968471840275,202.54132018639805,0.018806923285244498,0.1679178836283665,0.030788998707081294,2.8345752458614095,202.54111572670732,247.33143655058615,0.4827167294491525,1.3664032103849464,1999.999999999996,,,,,,,,,,,,,,,,,,,,,,0.384784869081021,2.521497417718675,468.07822233278506,,,,,,,,0.6444406659591273,2.257973201787879,968.8305171435966
10,10,1,ch1g10,25.0,70.0,3.0,Man / Männlich,1.0,33,20,1,0,2,0.03833167499055956,0.7755512372663427,238.76768647896245,0.14434938155431154,0.291971707025406,1449.8301805173592,0.423912588945276,0.22679870190203122,124.96228944623061,0.006299997484326192,0.815933689735798,1999.999999999996,,,,0.1532234107436183,0.5275638339823945,953.390039110637,269.80884208268026,2336.221118933021,545.4780388446655,2000.0018325027092,,1287.877458090769,1.4227207989730275,1.7779900108812323,123.47839317162588,,,,,,,,0.5813819921191976,2.3058205938521943,316.66666666666845,132.27456629896128,0.07106647139535958,0.0968514122330069,0.018581986294023967,2.8159932595673856,132.27328305937397,115.05815349121217,0.4764167319648263,2.1823369001207444,0.0,,,,,,,,,,,,,,,,,,,,,,0.808697458026297,2.748296119620706,593.0405117790157,,,,,,,,0.6772136786632711,2.3660873768084523,229.64874502170443
11,11,1,ch1g11,25.0,76.0,4.0,Woman / Weiblich,1.0,0,6,1,0,1,0.013882940476264816,0.9278613132050251,206.50477138209624,0.629831220339456,0.22194399931861675,378.68829198288415,0.5715151947473958,2.748296119620706,593.0405117790157,0.0017273757282867397,0.4236325609999214,0.0,,,,0.30423918282285084,1.0804334982860673,294.558393785999,465.0939146195483,703.633434476774,1043.7001018993085,0.7868648135897645,,553.3035789523051,1.4366037394492923,2.7058513240862574,329.98316455372213,,,,,,,,1.2112132124586537,2.527764593170811,695.3549586495526,154.77907410423498,0.07756099259029829,0.1744124048233052,0.04311016832569203,2.8591034278930776,154.77844777558914,269.8366012668013,0.4746893562365396,1.758704339120823,0.0,,,,,,,,,,,,,,,,,,,,,,0.2371822632789012,0.0,0.0,,,,,,,,0.7068201952493384,1.9702847368541938,259.0349448940152
12,12,1,ch1g12,25.0,55.0,4.0,Man / Männlich,1.0,0,21,1,0,0,0.09314010129534345,0.10948266612685842,188.3437336205911,0.4592925388838922,1.285108029166723,1120.1836819625225,0.31967608766872513,2.5887382648474766,555.1784762541503,0.10080038870682756,0.46471311745825417,1016.666666666666,,,,0.24322727913869707,1.112010519399828,720.0931396259825,504.15023465537325,1913.5556399102527,904.6345988556448,1437.7839826898232,,1190.0311140277736,1.3434636381539489,2.596368657959399,141.63943093313102,,,,,,,,0.7519206735747614,1.242656564004088,1815.5386406120751,48.012623876411375,0.0286272849772779,0.1457851198460273,0.07342073961406959,2.785682688279008,48.0115593839071,221.82504188289423,0.5754897449433671,2.223417456579077,1016.666666666666,,,,,,,,,,,,,,,,,,,,,,0.5568583509476264,2.5887382648474766,555.1784762541503,,,,,,,,0.6747035054931463,2.28737272633381,750.1696512697833
13,13,1,ch1g13,10.0,50.0,2.0,Woman / Weiblich,1.0,15,5,1,0,2,0.4502511416557955,0.15762133850030713,774.3030439439501,0.1794182297575072,0.711114527536368,265.5386406120799,0.1797151821101567,0.2130492029486435,103.87720270599993,0.2510124637462373,0.24043983004931224,1016.666666666666,,,,0.2650992543174242,0.3305562247586577,540.096388482174,962.863029393584,2228.421434513372,143.91847931011364,1437.783838512871,,1193.246695432485,0.8932124964981534,2.438747319459092,915.9424748770812,,,,,,,,0.5725024438172542,1.953771091540456,1549.9999999999952,73.77296183072917,0.0749708220031652,0.0708142978428621,0.1410543136142941,2.644628374664714,73.76951528062227,148.05552660227195,0.3244772811971298,1.982977626529765,0.0,,,,,,,,,,,,,,,,,,,,,,0.7365735330577831,2.80178746779612,451.30127354815033,,,,,,,,0.5195160104826366,2.3643823759980296,613.0598550054997
14,14,1,ch1g14,11.0,40.0,2.0,Man / Männlich,1.0,1,10,1,0,0,0.17189227162929055,0.3451029015778646,432.70493647746787,0.44360809534087975,0.23410611717309293,1549.9999999999952,0.06330293727161207,0.05329919122722648,373.1198196371482,0.20742465205919924,0.26600533410950256,0.0,,,,0.2215569890752454,0.22462838602192164,588.9561890286528,949.1628394398545,1643.6484379394133,1064.0571849181936,0.4693396857478323,,914.3344504958023,1.065104768127444,2.7838502210369565,483.2375383996133,,,,,,,,1.016110539158134,2.187877208713549,0.0,43.491776822314115,0.03346980287860821,0.1042841007214703,0.14750749066923285,2.7921358653339468,43.4898296656514,191.54535626792335,0.5319019332563291,1.7169722924202624,0.0,,,,,,,,,,,,,,,,,,,,,,0.7998764703293951,2.8550866590233466,824.4210931852986,,,,,,,,0.7034555623185544,2.467184449305612,299.840797570567
15,15,1,ch1g15,44.0,70.0,5.0,Woman / Weiblich,1.0,33,30,1,0,3,0.017212908852219266,0.011553178968996214,211.80103057913152,0.27254543051315083,0.4841032841682915,993.4352421003088,0.07683059648866175,0.02456631670538112,249.39090074126773,0.07294182518087589,0.39716749056572676,0.0,,,,0.10988269025872693,0.2293475676020989,363.656793355177,242.06094235187135,2481.1555718682594,435.66171159374665,0.5884362406754737,,789.8666655136382,1.0823176769796632,2.7954034000059527,271.4365078204818,,,,,,,,0.7435651086449832,1.7037739245452574,993.4352421003088,72.76150287514612,0.006940017199390899,0.1112241179208612,0.07667476733223388,2.8688106326661806,72.76001328077898,118.78534298714438,0.4589601080754532,1.3198048018545356,0.0,,,,,,,,,,,,,,,,,,,,,,0.8767070668180569,2.8796529757287277,575.0301924440308,,,,,,,,0.6545548156878035,2.313489146960131,391.73745707039313
16,16,1,ch1g16,27.0,30.0,2.0,Man / Männlich,1.0,17,40,1,0,3,0.06788721468083181,0.020240876060449775,3.5507909119674537,0.11265562493839687,0.1406252139618882,943.4352421002887,0.11092924935434856,0.5440563347586727,457.6889931643842,0.2080325001495943,0.510535926172708,458.33333333332166,,,,0.12487614728079288,0.30386458773842967,465.75208987749056,264.8824626556985,2411.0733846019107,484.2975520835558,672.1668292999663,,958.1050571602827,1.0144304622988314,2.775162523945503,274.98729873244923,,,,,,,,0.85622073358338,1.8443991385071457,50.00000000002001,640.5528278044854,0.02184415328606941,0.0893799646347918,0.7930653689085037,2.075745263757677,640.551790270833,759.3371332579774,0.6669926082250475,1.8303407280272437,458.33333333332166,,,,,,,,,,,,,,,,,,,,,,0.7657778174637083,2.335596640970055,1032.719185608415,,,,,,,,0.6785603172411518,2.1722488590415248,515.0753901864366
17,17,1,ch1g17,,,,,,,,,,,0.37033887641958896,0.1984483249043798,19.00938687670947,0.4638815160180743,1.0302193123140002,50.00000000002001,0.3914280896508722,0.036297911273152295,10.58355426971525,0.1865615720335781,0.24647621463313762,458.33333333332166,,,,0.35305251353052836,0.3778604407811675,134.48156861994158,461.4615275478788,77.4940240102598,333.2529255720023,672.1671543893174,,386.09390787986456,0.6440915858792424,2.576714199041123,255.97791185573976,,,,,,,,0.3923392175653057,0.8141798261931453,0.0,501.0043410380464,0.009031226673177406,0.0984111913079692,0.3833017194578634,2.4590469832155404,501.00379992464445,258.3333333333329,0.4804310361914694,1.583864513394106,0.0,,,,,,,,,,,,,,,,,,,,,,0.3743497278128361,2.3718945522432073,1022.1356313386998,,,,,,,,0.3979245517513646,1.9611400148174245,307.2893753055545
18,18,1,ch1g18,19.0,64.0,2.0,Woman / Weiblich,1.0,,,,,,0.10774711219626432,0.20890185525141147,177.41049172390058,0.5456086196937826,1.4730235459505256,0.0,0.004315759106613415,0.48338588584168685,813.6356979520899,0.012032516634713664,0.2959707982475024,0.0,,,,0.1674260019078435,0.6153205213227816,247.76154741899762,195.4736619435684,2.476040240498816,1704.946520070666,2.3420535097869317,,476.30956894113007,0.5363444736829781,2.7856160542925346,78.5674201318392,,,,,,,,0.9379478372590884,2.287203372143671,0.0,15.647683590371775,0.052034241064840704,0.0463769502431285,0.10828616560127236,2.5673331488168127,15.609077484058332,273.94241081739125,0.4683985195567557,1.8798353116416084,0.0,,,,,,,,,,,,,,,,,,,,,,0.3786654869194495,2.855280438084894,208.49993338660988,,,,,,,,0.4735466535322801,2.475053664995904,112.20195286716807
19,19,1,ch1g19,57.0,39.0,2.0,Woman / Weiblich,1.0,38,25,0,0,0,0.5975668649968979,0.28682547617549625,223.4320893109806,0.11343546362984491,0.19967100733670806,722.9963799578094,0.2601002249104127,0.10661003332359131,331.7716872231299,0.20438769073886098,0.8546494092778192,1418.2888316124229,,,,0.29387256106900417,0.3619389815284037,674.1222470260857,597.9049267557202,1209.5999453145212,836.1665372750887,2005.7636278682255,,1162.358759303389,1.133911338679876,2.4987905781170383,301.9995094428198,,,,,,,,0.8245123736292435,2.087532364806963,722.9963799578094,544.2582686437561,0.017116367376453702,0.0634933176195822,0.0708409950382558,2.6381741438550685,544.2579630836899,818.2003739010812,0.2640108288178947,1.0251859023637893,1418.2888316124229,,,,,,,,,,,,,,,,,,,,,,0.6387657118298622,2.748670404761303,540.2716206097398,,,,,,,,0.5849387141152917,2.1996706787808322,760.3513431047745
20,20,1,ch1g20,,,,,,,,,,,0.02289528353613557,0.11518062053117495,221.60930460408628,0.13053369819234695,0.7879431777088517,722.9963799578094,0.16735395825127708,0.30097613500843456,235.64857773222104,0.09601397538489984,0.00869971487173915,158.34612226174227,,,,0.10419922884116486,0.3031999120300501,334.6500961389648,540.4376379694177,1209.6010248248035,539.5949241948404,694.9748356904521,,746.1521056698784,1.1110160551437405,2.6139711986482133,80.3902048387335,,,,,,,,0.6939786754368965,1.299589187098111,0.0,172.95462917279505,0.05202753842632721,0.1155208560459094,0.581541088832568,2.0566330550225005,172.95279006643898,645.2475838346422,0.1679968534329949,1.0338856172355284,1576.6349538741651,,,,,,,,,,,,,,,,,,,,,,0.4714117535785851,2.4476942697528683,775.9201983419608,,,,,,,,0.5119848387276253,1.8903546655514443,615.6385881779004
21,1,2,ch2g1,22.0,50.0,3.0,,1.0,,,,,,1.2845892593053845,2.708971435621531,150.51352426826858,0.1366003395684744,0.676414607977349,2121.3639916773313,0.031034573874419658,0.041428691701073994,644.9181136263306,0.05988047167893629,0.35765364392666177,242.38253924669255,,,,0.3780261611068037,0.9461170948066538,789.7945422046557,296.30541155890694,3626.380735396558,1107.7668058501706,342.7812219695203,,1343.308543693789,0.0738533135513324,0.0,0.0,,,,,,,,0.5832277168999938,1.5659834930581138,2121.3639916773313,,,,,,,,0.3909433294209468,1.2215423732492876,1159.0492059133603,,,,,,,,,,,,,,,,,,,,,,0.6964938967812535,2.7654035334276377,854.9445669866385,,,,,,,,0.4361295641633816,1.3882323499337599,1033.8394411443326
22,2,2,ch2g2,59.0,69.0,3.0,Woman / Weiblich,1.0,37,19,1,0,0,1.1269989013094206,2.6188148722946765,1341.711955757352,0.13719318151461035,0.19441132155105012,158.7976446035084,0.2191138668146475,0.1262677698106125,481.1272733810171,0.10963407224041699,0.2572488873862042,1159.0492059133603,,,,0.39823500546977386,0.7991857127606358,785.1715199138094,1820.665908657288,329.4167008000868,727.9995364577874,1639.1516229740128,,1129.3084422222937,1.200852214860753,2.6188148722946765,1341.711955757352,,,,,,,,0.7204208984146041,1.3715721715070637,1962.566347073823,166.91047329925095,0.09416885630196681,0.1248654723382951,0.1435142717025184,2.775149345393894,166.90780874557387,419.582390855537,0.2813092571805298,1.4787912606354918,0.0,,,,,,,,,,,,,,,,,,,,,,0.915607763595901,2.89167130323825,373.8172936056214,,,,,,,,0.6486111212780166,2.227199790613875,819.5355974584667
23,3,2,ch2g3,35.0,43.0,4.0,Woman / Weiblich,1.0,24,26,0,0,1,,,,0.19896395563837366,0.5890817379290343,670.8996804071592,0.2712492332698373,0.04186183517712472,62.2260990194809,0.056351611189180695,0.9052350783349892,415.47746963918104,,,,0.1755216000324639,0.5120595504803828,382.86774968860703,,1107.7772553632724,439.56402045413057,830.4274420901138,,792.5895726358389,,,,,,,,,,,0.9193848540529778,1.960653909436098,1291.6666666666638,22.8560468555284,0.01652133295369458,0.1413868052919897,0.29375337882327335,2.4813959665706204,22.851332374625485,442.4337232301625,0.3376608683697105,2.384026338970481,415.47746963918104,,,,,,,,,,,,,,,,,,,,,,1.1868569968657383,2.8498094680611255,311.5911945861405,,,,,,,,0.6463223811451041,2.418971420759581,615.292263530537
24,4,2,ch2g4,66.0,60.0,5.0,Woman / Weiblich,1.0,31,17,0,0,1,,,,0.38270021448839586,0.8427670695717631,433.33333333332916,0.5635810228301403,0.41447593942781014,276.6148871214687,0.0266397845206649,0.6437581040330229,526.1891970274839,,,,0.32430700727973366,0.6336670376775321,412.0458058274273,,1402.894586364973,1674.345733030352,571.364935867022,,1216.2017517541155,,,,,,,,,,,0.5366846395645819,1.117886839864335,1724.999999999993,983.4655464378594,0.09497774780855378,0.0464090574834359,0.23163933144288018,2.2497566351277403,983.4648455309696,1425.898568761132,0.3110210838490456,1.740268234937458,941.666666666665,,,,,,,,,,,,,,,,,,,,,,0.623275974035598,2.4353335286333153,588.2060817076092,,,,,,,,0.3793476887331654,1.885811309640712,1170.1928292838497
25,5,2,ch2g5,33.0,80.0,2.0,Man / Männlich,1.0,33,20,1,0,3,0.4100580224224528,0.7244742838673548,2308.3117748812456,0.15037402527878685,0.11125346537136793,1724.999999999993,0.2598387069522366,0.18681584433224252,269.85965963811776,0.11175446146936252,0.18195221806630713,70.32510842953945,,,,0.23300630403070968,0.3011239529093181,1093.374135737224,4027.5112257548217,2347.4720585218147,1538.0621403226128,97.25397771236348,,2002.5748505779034,1.627170513935213,2.445367045214544,969.2494232365788,,,,,,,,0.6870586648433687,1.006633374492967,0.0,1402.99257838406,0.06942372569749569,0.1158327831809316,0.5687311117162013,2.8184877468439415,1402.9924263965886,22.90614236454352,0.4227755453184081,1.9222204530037652,871.3415582371256,,,,,,,,,,,,,,,,,,,,,,0.3634372670833614,2.622149372965558,318.34642206949144,,,,,,,,0.6432549548722566,2.162971598504155,436.36870918154784
26,6,2,ch2g6,,,,,,,,,,,0.285904956336839,0.08296814677719766,74.5694418589161,0.39309504717663707,1.2015937224702158,339.8236450563299,0.1589453824891111,0.2040875376222293,101.99254740641663,0.028318187862875266,0.5964587323808144,871.3415582371256,,,,0.21656589346636562,0.5212770348126143,346.93179813969704,940.5571130441166,557.1416072585791,427.4946050040756,1234.4917858173717,,789.9212777810358,1.341265557598374,2.3623988984373465,1043.8188650954949,,,,,,,,0.2939636176667317,2.2082270969631828,339.8236450563299,80.15388453548519,0.048128528483264696,0.0677042546976669,0.0915764282284588,2.9100641750724003,80.15355768910507,103.05970005364858,0.4510937331812834,1.3257617206229508,0.0,,,,,,,,,,,,,,,,,,,,,,0.5223826495724725,2.826236910587787,216.3538746630748,,,,,,,,0.5352819625433057,2.326537760336733,340.61121697370965
27,7,2,ch2g7,13.0,73.0,5.0,,2.0,,,,,,0.012905666610558253,0.11039187338221046,264.57421659143006,,,,0.6411499861580251,0.11843043953138599,290.6811154267576,0.22280809356077774,0.6499595786947083,0.0,,,,0.2922879154431204,0.2929272972027683,185.0851106727292,603.3453486523205,,979.671087685424,5.587223375971802,,529.5345532379054,1.3283598909878158,2.472790771819557,779.2446485040648,,,,,,,,,,,740.3071501450819,0.0011753787342531075,0.0665288759634138,0.3942354906775134,2.515828684394887,740.3065707128884,843.366270766537,0.6739018267420611,1.9757212993176592,0.0,,,,,,,,,,,,,,,,,,,,,,1.1635326357304976,2.707806471056401,507.0349900898324,,,,,,,,0.8080808073559471,2.418036806647126,532.4114773401086
28,8,2,ch2g8,80.0,80.0,1.0,Woman / Weiblich,1.0,67,7,0,1,4,0.04512895541380102,0.3776634516297852,575.2045222694093,,,,,,,0.5085494793031614,0.3347334239478048,0.0,,,,0.2768392173584812,0.356198437788795,287.60226113470463,715.1434667490738,,,5.556575499017594,,360.3500211240457,1.2832309355740148,2.850454223449342,204.04012623465553,,,,,,,,,,,633.7974204280162,0.0511109896900325,0.1176398656534463,0.40840379868545984,2.924232483080347,633.7970200799596,209.5692506865774,0.1653523474388997,2.310454723265464,0.0,,,,,,,,,,,,,,,,,,,,,,,,,,,,,,,,0.5220743828887869,2.6950471432650507,137.86979230707763
29,9,2,ch2g9,69.0,45.0,4.0,Woman / Weiblich,1.0,11,35,0,0,3,0.33119657280130554,1.0771399999277267,287.62654043201667,0.004308617415322957,1.0526565024065124,1186.0016863394378,,,,0.24429830410211179,1.050574287001232,1165.1776211757938,,,,0.19326783143958007,1.060123596445157,879.6019493157495,685.2194965094154,2060.8438632030393,,1653.9519332626105,,1466.671764325022,0.9520343627727093,1.7733142235216155,491.6666666666722,,,,,,,,0.6912119705567574,1.2019433732253122,0.0,86.84551632210867,0.10601415894730341,0.2236540246007497,0.4292159754007927,2.495016507679554,86.84301716227453,122.72623352430286,0.4096506515410115,1.259880436264232,1165.1776211757938,,,,,,,,,,,,,,,,,,,,,,,,,,,,,,,,0.569137752367807,1.6825386351726783,444.8926303416922
30,10,2,ch2g10,45.0,51.0,2.0,Woman / Weiblich,1.0,24,6,0,0,2,0.305891019270367,0.09853982194504374,624.9999999999902,0.16428558196007192,0.5893559027134432,1033.3333333333414,0.7487911639025698,0.2744204411182567,962.6884730314531,0.0418149030271302,0.4028178486745748,1165.1776211757938,,,,0.3151956670400347,0.3412835036128296,946.5498568851447,771.5722780160041,2456.124309785802,1884.346871076834,1653.951593948439,,1691.4987632067698,1.2579253820430762,1.8718540454666592,1116.6666666666624,,,,,,,,0.8554975525168294,1.7912992759387554,1033.3333333333414,308.3123574136391,0.075495696726534,0.1481583278742157,0.3661903884891502,2.8612068961687043,308.3116427622853,431.0378762865882,0.3678357485138813,1.6626982849388068,0.0,,,,,,,,,,,,,,,,,,,,,,1.26489398896922,2.6125442759099755,1309.4868687295098,,,,,,,,0.7788621999834446,2.15992055568458,778.1049490032203
31,11,2,ch2g11,36.0,12.0,5.0,Woman / Weiblich,1.0,9,39,0,0,3,0.10545786636218657,0.6790105721131385,650.0000000000032,0.2806899424892837,0.21767167496899598,221.6854473573211,0.1191823880606333,0.08501645160232396,963.0767072157363,0.24765330942885483,0.726810523418689,694.955367604976,,,,0.1882458765852396,0.42712730552578687,632.4293805445092,1226.1985191153535,1238.190039631892,1910.3771168998476,987.0018311313848,,1340.4418766946196,1.1524675156808897,2.5508646175797978,466.6666666666592,,,,,,,,0.5748076100275457,2.0089709509077514,811.6478859760203,286.86093123134094,0.03793172861979041,0.1102265992544253,0.06898520350213255,2.7922216926665717,286.86077326035655,144.17710302623163,0.6154890579427361,2.389508808357496,694.955367604976,,,,,,,,,,,,,,,,,,,,,,1.1457116009085866,2.6975607275122995,346.41016151377346,,,,,,,,0.7197404767628366,2.487825359404783,492.7714369575321
32,12,2,ch2g12,24.0,41.0,4.0,Woman / Weiblich,1.0,12,29,0,0,1,0.06927020590191524,0.14961327750918318,466.6666666666592,0.1709749696237851,0.24699604303722378,811.6478859760203,0.36923363935119535,0.2520108082880186,267.0197825680964,0.2121838315422983,0.8335793425960876,694.955367604976,,,,0.20541566160479852,0.3705498678576283,560.0724257039379,883.9920372920285,1179.5805553312944,327.72105945256214,987.0015373341628,,844.573797352512,1.221737721582805,2.4012513400706146,0.0,,,,,,,,0.7457825796513308,1.7619749078705276,0.0,429.85625938747773,0.05045248154544901,0.1606790807998743,0.17863695781712075,2.613584734849451,429.8559002835875,574.0330033098192,0.4033052264004378,1.5559294657614082,0.0,,,,,,,,,,,,,,,,,,,,,,0.7764779615573912,2.445549919224281,613.4299440818698,,,,,,,,0.6615965139983679,2.1556580735552564,237.49258947833778
33,13,2,ch2g13,55.0,80.0,2.0,Man / Männlich,1.0,31,39,1,0,2,0.66968706785968,0.45296512742292494,372.9972977475638,0.2655469970292835,0.4782552976338297,0.0,0.04064445733641964,0.02984069692425395,354.15745764680145,0.11464067622541502,0.5578519660676349,892.596434600614,,,,0.27262979961269956,0.37972827201216086,404.93779749874477,734.4955154480799,1341.7709819828135,510.5488277234637,1271.3972358846172,,964.5531402597436,1.891424789442485,2.8542164674935395,372.9972977475638,,,,,,,,1.0113295766806143,1.283719610236698,0.0,198.14002829048147,0.0317260939559664,0.1924051747558407,0.1263134587527377,2.4872712760967133,198.13900722009993,375.8939960897192,0.5179459026258528,2.113781431829043,892.596434600614,,,,,,,,,,,,,,,,,,,,,,0.7358335042209716,2.475390616148535,259.2724864350684,,,,,,,,0.869787789545153,2.2428758803609057,380.15204297459303
34,14,2,ch2g14,14.0,61.0,5.0,Man / Männlich,3.0,41,19,0,2,3,0.5637575392539516,0.8246656197663156,860.336035585763,0.24711448312536677,0.4443143696358465,0.0,0.2638003362109952,0.22003024032137386,580.0866795503882,0.06079004691183443,0.6635049032592,892.596434600614,,,,0.28386560137553696,0.538128783245684,583.2547874341913,1341.2591098573346,1208.3340199860393,881.7504638343719,1271.385377801081,,1175.6822428697067,1.3276672501885334,2.029550847727224,1233.333333333327,,,,,,,,0.7642150935552475,1.7280339798725444,0.0,163.47274791060505,0.3254117160220913,0.517816890777932,0.4260846080113385,2.913355884108052,163.47117059743974,212.4228254922795,0.4571558557140184,1.4502765285698431,0.0,,,,,,,,,,,,,,,,,,,,,,0.9996338404319668,2.6954208564699087,839.3591659854567,,,,,,,,0.8132977861335396,2.163327619349514,457.02306496221263
35,15,2,ch2g15,15.0,43.0,4.0,Man / Männlich,2.0,1,18,0,1,1,0.06305338558345341,0.49824997829298745,1233.3333333333198,0.26604407985923373,0.1528028228399798,1508.3333333333262,0.22741397077526204,0.15254254491112818,555.1698265819584,0.0990469929597046,0.5946516766116331,0.0,,,,0.16388960729441343,0.3495617556639321,824.2091233121512,1624.815915559212,2607.761072694399,702.20897106222,1.1829063733898648,,1233.9922164223053,1.3907206357719868,2.5278008260202114,7.048583938740194e-12,,,,,,,,1.0302591734144813,1.5752311570325646,1508.3333333333262,241.75199593317816,0.07766299032727064,0.4401539004506614,0.4523867798353831,2.4609691042726687,241.75021217965147,454.17303767193096,0.3581088627543138,0.85562485195821,0.0,,,,,,,,,,,,,,,,,,,,,,0.7722198696567047,2.5428783115587805,1394.5289925674151,,,,,,,,0.7982924884096295,1.992500850168487,671.4070727145358
36,16,2,ch2g16,15.0,45.0,3.0,Man / Männlich,1.0,0,2,0,1,1,0.12324811764059751,0.047648005218751344,258.333333333316,0.33471621972008336,0.5166183478344102,1508.3333333333262,0.003900127862615954,0.2099528906272976,864.4977107337594,0.08669157352369267,0.381283024501038,0.0,,,,0.13713900968674736,0.2888755670453743,657.7910943501004,541.1899708426541,2607.761117280703,1014.3648507632256,4.9124509790215205,,1042.057097466401,1.5139687534125843,2.48015282080146,258.333333333323,,,,,,,,0.6955429536943979,1.0586128091981544,0.0,57.889832805821555,0.1034905277215169,0.3366633727291445,0.1673295061209168,2.6282986103935855,57.884921734381294,396.28811593754966,0.4448004362780065,1.236907876459248,0.0,,,,,,,,,,,,,,,,,,,,,,0.7761199975193207,2.752831202186078,530.0312818336557,,,,,,,,0.7534191027266908,2.0313606638077055,236.93054622090568
37,17,2,ch2g17,52.0,74.0,3.0,Woman / Weiblich,2.0,37,29,1,1,0,0.08721226735044407,0.2603711670380342,183.47426206064767,0.02433226082331208,0.06527755469463314,2075.886691405768,0.19653067401414914,0.13393871136831548,13.627042757902132,0.19632695050136179,0.5786160663924461,2433.333333333336,,,,0.12610053817231676,0.25955087487335726,1176.5803323894133,374.59598770287414,3515.7046094140187,369.012291842251,3441.2531392420524,,1925.141507050299,1.4267564860621402,2.7405239878394942,441.8075953939707,,,,,,,,0.6712106928710858,1.1238903638927875,2075.886691405768,284.41020958831297,0.13175329229175908,0.2049100804373854,0.254007187094182,2.8823057974877675,284.4071027534022,111.8810131841474,0.2484734857766447,0.6582918100668019,2433.333333333336,,,,,,,,,,,,,,,,,,,,,,0.9726506715334698,2.6188924908177627,543.6583245915579,,,,,,,,0.7048002833361453,2.004780890020923,1121.3133915817562
38,18,2,ch2g18,9.0,48.0,2.0,Woman / Weiblich,1.0,43,26,0,1,1,0.5624656350624142,0.010382325740113885,103.90367346039648,0.043028682675049,0.41570894182818785,1071.37526296079,0.32793266849211766,0.13433295250989197,227.30438747780317,0.2257945208052009,1.6422164389824045,1358.2795017784972,,,,0.28980537675869544,0.5506601647651496,690.2157064193717,177.27501110442682,1681.7663892915878,254.61167345945557,2786.7617535506474,,1225.1037068515293,1.9892221211245544,2.750906313579608,545.7112688543672,,,,,,,,0.6281820101960368,1.5395993057209754,1004.511428444978,298.95707820325515,0.03413974504756179,0.1707703353898236,0.17770196972879004,2.7046038277589775,298.9570069501583,410.83802013430574,0.4742680065818456,2.3005082490492064,1075.053831554839,,,,,,,,,,,,,,,,,,,,,,1.3005833400255875,2.7532254433276546,770.962712069361,,,,,,,,0.9126051626635696,2.409768627887284,761.4154522115703
39,19,2,ch2g19,39.0,41.0,3.0,Woman / Weiblich,1.0,30,7,0,0,1,0.5341608057558587,0.24156011328693072,76.23035722015044,0.2927191290860523,0.47202855637799424,85.49927763665846,,,,0.09998330599724331,0.04758487907957143,866.9961908409987,,,,0.30895441361305137,0.25372451624816544,342.9086085659358,388.7385007570999,385.443108189879,,891.8630159607358,,555.3482083025716,1.4550613153686958,2.5093462002926774,469.48091163421674,,,,,,,,0.3354628811099845,1.0675707493429811,919.0121508083196,89.62938138021117,0.013905208101846894,0.1846755434916705,0.07198422126332371,2.776588049022301,89.62781129297991,321.2102088413258,0.3742847005846023,2.348093128128778,208.05764071384036,,,,,,,,,,,,,,,,,,,,,,,,,,,,,,,,0.5873711101387383,2.1753995316966845,479.4402279994256
40,20,2,ch2g20,,,,,,,,,,,0.5272653381851373,0.3241621725309831,184.4818067305015,0.526307991333967,0.8302235444018962,519.9535271083655,,,,0.3859403045530725,0.2623602542204826,465.38019496107097,,,,0.4798378780240589,0.4722486570511206,389.93850959997934,297.07803471258904,520.6862040814184,,829.3123609716151,,549.0255332552075,1.982326653553833,2.8335083728236605,284.99910490371525,,,,,,,,0.8617708724439515,1.8977942937448773,1438.965677916685,203.53757747878691,0.0928779589400591,0.2775535024317296,0.019695122456093284,2.7962831714783944,203.53729955355942,117.6729092877664,0.7602250051376748,2.6104533823492604,673.4378356749113,,,,,,,,,,,,,,,,,,,,,,,,,,,,,,,,0.9704690083917973,2.534509805099048,628.7688819457695
41,1,3,ch3g1,29.0,50.0,3.0,,1.0,,,,,,0.18800944245315465,0.536180420082244,98.99342151551478,0.08724064624684413,0.24430219880957926,766.6666666666683,0.13195772655034887,0.11930463726938756,74.62123336058329,0.03890148958087042,0.7463189145218048,916.6666666666678,,,,0.11152732620780452,0.4115265426707539,464.23699705235856,332.26955020877074,1272.7922925536343,105.092607387643,1296.3627479310062,,751.6292995202635,1.1704331304035622,2.172791015539287,51.5201027527538,,,,,,,,0.8070687027153123,1.9980959022258835,766.6666666666683,,,,,,,,0.3699643473228809,2.325514931697754,0.0,,,,,,,,,,,,,,,,,,,,,,0.859486197206022,2.687527587859324,284.64768672089116,,,,,,,,0.8017380944119444,2.295982359330562,275.7086140350783
42,2,3,ch3g2,35.0,30.0,4.0,Man / Männlich,2.0,6,20,1,1,1,0.023419309268819077,0.4517206030735932,482.0446618491583,0.1632579985785595,0.020884152785001886,766.6666666666683,0.1046903804266559,0.010054449536262222,231.98911050411465,0.09550406358804847,0.10163288393805381,0.0,,,,0.09671793796552074,0.14607302233322778,370.17510975498533,543.1558019773388,1319.1432870409476,235.8174970889059,0.3437316119049992,,524.6150794297743,1.1938524396723813,2.62451161861288,533.5647646019121,,,,,,,,0.9703267012938718,1.9772117494408816,0.0,65.6433382962563,0.042663146922575196,0.1145674683298383,0.03110013379202714,2.9016706058187145,65.64035617067434,126.06215398233708,0.4654684109109294,2.427147815635808,0.0,,,,,,,,,,,,,,,,,,,,,,0.964176577632678,2.6975820373955863,516.6367972250058,,,,,,,,0.7416783195679397,2.525624765380774,235.25274316185101
43,3,3,ch3g3,41.0,73.0,5.0,Woman / Weiblich,1.0,6,43,1,1,1,0.3598347495119927,0.16704139620399783,72.423867488018,0.2864901113323409,0.4281385503505979,0.0,0.33448888953893297,0.10205671658795401,308.3451347258395,0.1060286203521354,0.856976284237398,0.0,,,,0.2717105926838505,0.38855323684498694,95.19225055346438,149.52367725146286,725.0004401639353,433.34432133490816,1.1382529448759051,,327.2516729237955,1.553687189184374,2.791553014816878,605.9886320899301,,,,,,,,0.6838365899615308,2.4053502997914795,0.0,98.84717618112433,0.01837449983154099,0.1329419681613793,0.36743700518754174,2.5342336006311728,98.84560128474823,27.21655269758885,0.359439790558794,1.57017153139841,0.0,,,,,,,,,,,,,,,,,,,,,,1.298665467171611,2.7996387539835403,208.2916624991663,,,,,,,,0.8057142010075378,2.420189440124296,168.29936945733706
44,4,3,ch3g4,28.0,46.0,5.0,Woman / Weiblich,1.0,13,27,0,0,0,0.3904896213591671,0.1836452780247284,394.4721338564739,0.14078335781103113,1.3158135130062372,0.0,0.0724046069218447,0.0005943776732930672,156.2205263264883,0.0752975381815415,0.04960347896842143,1072.9308251492953,,,,0.1697437810683961,0.38741416191817,405.9058713330644,540.0312548604523,1096.7576267461852,234.89122606669625,1517.353332173437,,847.2583599616926,1.944176810543541,2.6079077367921495,211.51649823345625,,,,,,,,0.5430532321504997,1.0895367867852424,0.0,133.38454321311255,0.151960252622814,0.2849022207841933,0.22064061367629062,2.7548742143074634,133.38307976179328,160.59963245938212,0.2841422523772525,1.5205680524299885,1072.9308251492953,,,,,,,,,,,,,,,,,,,,,,1.2262608602497662,2.8002331316568334,364.5121888256546,,,,,,,,0.8565070752210506,2.1546239843943353,361.9118289335576
45,5,3,ch3g5,43.0,50.0,4.0,Woman / Weiblich,1.0,15,4,0,0,1,0.19800240467679475,0.1979206586164617,256.1081798002982,0.27647165210984226,0.21732775989792974,0.0,0.32784085504341176,0.0721857113423452,45.088640648815556,0.1711367790868762,0.7690481605636899,1157.8629735291593,,,,0.24336292272923124,0.3141205726051066,364.7649484945683,332.1068870053389,3350.606207247842,492.1086414364851,1637.465876998982,,1453.0719031721621,1.7461744058667463,2.805828395408611,467.6246780337545,,,,,,,,0.819524884260342,1.306864546683172,0.0,129.32110110093018,0.16398481042500362,0.1209174103591897,0.15814659991841173,2.913020814225875,129.31913023674974,31.28050222263239,0.4552790314641287,0.7515198918662986,2230.7937986784546,,,,,,,,,,,,,,,,,,,,,,0.8984200052063545,2.8724188429991786,409.6008294744702,,,,,,,,0.8080631474313522,2.1299304982366274,627.8599616818624
46,6,3,ch3g6,26.0,75.0,3.0,Woman / Weiblich,1.0,17,25,0,0,1,0.0681912020545441,0.2580754965066876,460.36930874965896,0.20674827061644563,0.3627418872173811,0.0,0.45284640954828714,0.11590579000282908,529.005660412079,0.5712889657461881,1.2028395241420349,1374.1927059294649,,,,0.32476871199136625,0.48489067446723316,590.8919187728006,705.0011674298942,2451.7257704096905,1283.2416650403918,2317.053259783961,,1689.2554656659845,1.8143656079212904,2.5477528989019236,927.9939867834134,,,,,,,,0.6127766136438964,1.6696064339005532,0.0,81.27799170336299,0.041776322384056194,0.0791410879751335,0.17267719140294968,2.7403436228229254,81.27746735504864,112.55796957768104,1.0265679972103168,1.9543594160083335,856.6010927489896,,,,,,,,,,,,,,,,,,,,,,1.3512664147546416,2.7565130529963495,938.6064898865492,,,,,,,,0.9768235443010557,2.333715084926017,567.1519077993266
47,7,3,ch3g7,23.0,62.0,3.0,Woman / Weiblich,1.0,3,13,0,0,0,0.5610742608041348,0.02673488377581945,389.209346236854,0.12243411612487898,0.01843771044931608,0.0,0.29108088607842886,0.114986914695558,219.43273872918655,0.04287358531761076,0.36900917733748373,731.6010927489846,,,,0.25436571208126335,0.13229217156454431,335.06079442875625,434.2786288240483,1923.681280219785,686.6802501142017,1391.5255069124448,,1109.04141651762,1.2532913471171556,2.521018015126104,538.7846405465594,,,,,,,,0.7352107297687753,1.651168723451237,0.0,25.99077978166847,0.06657253309744121,0.1457136210725747,0.17542019088818828,2.9157638137111137,25.98049143109776,86.57747814658327,1.0694415825279275,2.3233685933458172,125.000000000005,,,,,,,,,,,,,,,,,,,,,,1.0601855286762127,2.8714999676919075,719.1737511573626,,,,,,,,0.8527685618325291,2.456563822665236,293.90717397010206
48,8,3,ch3g8,28.0,28.0,1.0,Woman / Weiblich,1.0,5,34,0,0,2,0.03655119983539046,0.18892552419178044,24.084991093150165,0.08419837459421287,0.5242681352351839,241.66666666666276,0.08654947446709638,0.10571487604889285,100.07492822461518,0.08354927898094111,0.3058966888547494,33.333333333344626,,,,0.0727120819694102,0.28120130608265165,99.78997982944318,219.96736608956152,1748.6108349023643,412.5457044127475,615.9011840654968,,749.2562723675425,1.289842546952546,2.3320924909343237,562.8696316397096,,,,,,,,0.8194091043629882,2.175436858686421,241.66666666666276,397.5938052000228,0.011736671062655024,0.1339769500099197,0.18152443747952685,2.734239376231587,397.59325237758435,484.17073052416765,1.1529908615088686,2.017471904491068,91.66666666666038,,,,,,,,,,,,,,,,,,,,,,0.9736360542091164,2.7657850916430147,619.0988229327475,,,,,,,,0.8739711034086877,2.4050051443972826,399.89450368598955
49,9,3,ch3g9,50.0,80.0,3.0,Man / Männlich,1.0,22,52,1,0,2,0.07268613951495118,0.355840474315118,641.622987323061,0.08356756026599721,1.3618210471479184,241.66666666666276,0.2883290212979607,0.010442713389400726,163.2407168940229,0.10156110989282885,0.5631138960489663,1584.6802213278668,,,,0.13653595774293448,0.5728045327253508,657.8026480529034,894.3745341801015,1363.362018761824,701.3644873002022,2894.745677492117,,1463.4616794335611,1.3625286864674973,1.9762520166192057,1204.4926189627706,,,,,,,,0.735841544096991,0.8136158115385025,0.0,136.7023603266008,0.047101540894894905,0.1810784909048146,0.07427006315369589,2.8085094393852827,136.70226728057236,347.4684632435953,1.0514297516160398,1.4543580084421015,1676.3468879945272,,,,,,,,,,,,,,,,,,,,,,1.261965075507077,2.7762278050324154,455.85810603872454,,,,,,,,0.9185687097184839,1.9657926162035015,736.8332152479235
50,10,3,ch3g10,62.0,75.0,2.0,Man / Männlich,1.0,12,5,0,0,1,0.10521492646107466,0.08397244485544775,1062.4180428233858,0.22411460491251778,1.0203915626190665,0.0,0.23094411706340368,0.38403465196970155,316.04430575523776,0.695053560119801,0.6029524683511933,1676.3468879945272,,,,0.31383180213919926,0.5228377819488523,763.7023091432877,1604.116725691719,1068.066722605526,436.8305710461744,3016.5864387008605,,1531.4001145110701,1.467743612928572,1.892279571763758,142.0745761393848,,,,,,,,0.9599561490095088,1.8340073741575689,0.0,244.09220305910588,0.1105960950429723,0.0704823958618423,0.026690268605349843,2.8351997079906326,244.09182954399375,103.37663369960156,0.3563761914962388,0.8514055400909082,0.0,,,,,,,,,,,,,,,,,,,,,,1.0310209584436734,2.392193153062714,771.9024117939623,,,,,,,,0.777115861547967,1.9610170694131164,203.47072432658973
51,11,3,ch3g11,21.0,60.0,2.0,Man / Männlich,1.0,41,15,0,0,0,0.020149505675377988,0.7661260462030182,142.0745761393848,0.4663614751031738,0.543736003970519,0.0,0.7533868079927574,1.1145499218481196,2114.1218089064196,0.2772161895571681,0.7684512203481721,0.0,,,,0.3792784945821193,0.7982157980924574,564.049096261451,273.96793625622234,1068.0660748197722,3051.8409973870416,916.5506294917666,,1327.6064094887008,1.447594107253194,2.658405617966776,0.0,,,,,,,,0.493594673906335,1.2902713701870498,0.0,103.38508090618002,0.0131414420327058,0.0836238378945481,1.187046005413221,1.6481537025774116,103.37663369960156,0.0,0.0791600019390707,1.6198567604390803,0.0,,,,,,,,,,,,,,,,,,,,,,0.277634150450916,1.2776432312145942,2886.0242207003816,,,,,,,,0.4763213542888128,1.6988661364769826,577.2048441400764
52,12,3,ch3g12,21.0,53.0,3.0,Man / Männlich,1.0,0,7,0,0,1,0.6701058125559722,0.04728765704075899,494.974746830584,0.08919504630583602,0.4185722300593139,2016.6666666666615,0.0742126927370595,0.3103805867156897,2886.0242207003816,0.3322026206337968,0.21286551754803495,0.0,,,,0.2914290430581661,0.24727649784094938,1349.4164085494067,679.8885421168327,3507.4623642385,4183.883907538354,916.5495681811204,,2321.946095518702,2.117699919809166,2.611117960926017,494.974746830584,,,,,,,,0.582789720212171,0.871699140127736,2016.6666666666615,439.31151821387033,0.020267779618376905,0.103891617512925,0.9707052841597474,2.618858986737159,439.30991028989166,439.30991028989166,0.4113626225728675,1.4069912428910454,0.0,,,,,,,,,,,,,,,,,,,,,,0.3518468431879755,1.588023817930284,0.0,,,,,,,,0.7135181446590211,1.819338229722448,590.1902647574275
53,13,3,ch3g13,32.0,50.0,3.0,Woman / Weiblich,1.0,11,3,1,0,0,0.024203346801034975,0.2229322489348573,107.96789216835197,0.24527312623783293,0.759589515839502,791.6666666666629,0.08766465854951266,0.6475616272783815,525.3452715319562,0.030501920931596205,0.2044883794545822,808.3333333333351,,,,0.09691076312999419,0.4586429428768308,558.3282909250765,285.50557064413266,1562.213282810606,822.8605354459702,1143.1560127168636,,953.4338504043931,2.093496573008131,2.8340502098608744,387.00685466223206,,,,,,,,0.8280628464500039,1.631288655967238,1224.9999999999986,109.9436217582996,0.0478961638043355,0.0559954537085895,0.2942638756767786,2.9131228624139376,109.94047490508422,329.36943538480745,0.3808607016412713,1.6114796223456276,808.3333333333351,,,,,,,,,,,,,,,,,,,,,,0.2641821846384628,2.2355854452086654,525.3452715319562,,,,,,,,0.7245195518892917,2.2451053591592687,655.0109789824658
54,14,3,ch3g14,26.0,70.0,2.0,Non-binary / Nicht-binär,1.0,6,20,1,0,1,0.4278194429740876,0.3726578512096195,20.340187995559177,0.09657949466189686,0.34157512285312785,91.66666666666583,0.05002300109693375,0.24480652422480853,35.02667471057907,0.061425366926987635,0.19993451557591202,808.3333333333351,,,,0.15896182641497644,0.28974350346586697,238.8417156765348,368.14027838011896,268.4337980775135,236.32582123404373,1143.1664871220814,,504.01659620343935,1.6656771300340436,2.461392358651255,366.6666666666729,,,,,,,,0.9246423411119008,1.28971353311411,1316.6666666666645,91.04062637643966,0.029769482513195798,0.0857649362217853,0.04219523034623185,2.8709276320677057,91.0393800460466,238.33005533876084,0.4422860685682589,1.4115451067697156,0.0,,,,,,,,,,,,,,,,,,,,,,0.3142051857353966,2.480391969433474,490.3185968213771,,,,,,,,0.6865151323342771,2.102794120007252,482.39639709869505
55,15,3,ch3g15,20.0,30.0,4.0,Woman / Weiblich,2.0,6,40,1,1,2,0.31654570358740286,0.09721173645156922,113.54957513371647,0.19898060638917325,0.2949956531425344,1125.000000000001,0.007293260089780429,0.7457983960791341,438.93837437577326,0.06581123348211132,0.25762670013275746,0.0,,,,0.14715770088711694,0.3489081214514988,419.37198737737265,364.5360978232371,1768.0518895368928,650.3637903052852,4.89253128630733,,696.9610772379306,1.9822228336214465,2.558604095102824,480.21624180038935,,,,,,,,0.7256617347227275,1.5847091862566445,191.66666666666356,42.536168826599415,0.007817825948986695,0.0779471102727986,0.0842621297333408,2.786665502334365,42.533959588331555,195.7960957504293,0.3764748350861476,1.153918406636958,0.0,,,,,,,,,,,,,,,,,,,,,,0.321498445825177,1.7345935733543398,929.2569711971504,,,,,,,,0.6967609919056594,1.9636981527370263,359.3871950829265
56,16,3,ch3g16,21.0,80.0,2.0,Man / Männlich,2.0,1,50,1,0,2,0.09569897621605339,0.23946606173094054,305.4147671053647,0.031346975422609114,0.6443655417823129,191.66666666666356,0.32174269861151866,0.9291308557184044,2.9500866041239533,0.016351987189955175,0.16101821008766648,2571.964229922357,,,,0.11628515936003408,0.49349516732983106,767.9989375746272,352.67783925284067,555.569273805348,490.21179714050777,3637.309815321976,,1258.9421813801682,1.886523857405393,2.3191380333718836,174.80147469502467,,,,,,,,0.7570087101453367,2.2290747280389573,0.0,136.8020482592161,0.04596671426094309,0.1239138245337417,0.281642906983405,2.50502259535096,136.79842102012398,58.997674730305306,0.3601228478961924,0.9929001965492916,2571.964229922357,,,,,,,,,,,,,,,,,,,,,,0.6432411444366957,2.663724429072744,926.3068845930264,,,,,,,,0.7541620768834718,2.141971996476767,746.4140527881427
57,17,3,ch3g17,50.0,30.0,2.0,Woman / Weiblich,1.0,29,50,1,1,0,0.09129879820662246,0.11795964611117737,80.63327936214509,0.014657699800402213,0.9983645674792103,1674.9999999999948,0.03418781475612698,0.10768249275373654,547.1444229283646,0.16627451899767953,0.6060988041569795,2571.964229922357,,,,0.0766047079402078,0.4575263776252759,1218.6854830532152,101.21333223913764,2781.349691375545,1049.2572835301564,3637.3098984175863,,1892.2825513906064,1.7952250591987706,2.437097679483061,255.43475405716976,,,,,,,,0.7716664099457389,1.230710160559747,1674.9999999999948,47.720139560811475,0.042183861924032395,0.1660976864577741,0.31635629105825336,2.8213788864092133,47.71527819007564,106.71295292038094,0.526397366893872,1.598999000706271,0.0,,,,,,,,,,,,,,,,,,,,,,0.6774289591928226,2.7714069218264807,379.1624616646618,,,,,,,,0.7873630963377956,2.171918529796955,483.26203372844145
58,18,3,ch3g18,28.0,60.0,2.0,Man / Männlich,1.0,22,30,1,0,0,0.41118707641621466,0.037410465619893696,830.4170194709054,0.2199771333766367,0.19006986351806265,197.3684282851866,0.13237364606988622,0.05566105198107829,30.82038858642204,0.11259262687336108,0.20623337847315248,1249.9999999999984,,,,0.21903262068402468,0.12234368989804678,577.1514590856282,1483.9854076331476,443.45098484701856,395.6781000973955,1767.7669695335665,,1022.720365527782,2.2064121356149853,2.3996872138631673,1085.8517735280752,,,,,,,,0.9916435433223756,1.4207800240778097,1477.6315717148082,6.700048771355799,0.026176445810635912,0.19227413226841,0.012391028636950185,2.808987857772263,6.6326346524135005,113.34558757279444,0.4138047400205109,1.8052323791794236,1249.9999999999984,,,,,,,,,,,,,,,,,,,,,,0.8098026052627089,2.827067973807559,409.98285025108385,,,,,,,,0.9227874312977979,2.2523510897400447,867.362356613352
59,19,3,ch3g19,27.0,40.0,3.0,Woman / Weiblich,1.0,1,20,1,0,1,0.08494544063737175,0.11403243749787784,478.4988686857524,0.25684559614878333,0.38201318783233984,1477.6315717148082,0.13517400900702592,0.12836940761063076,214.82076333926148,0.059743943040821534,0.06128158555840968,1249.9999999999984,,,,0.13417724720850063,0.17142415462481453,855.237800934955,864.8784742854159,2532.304828466971,750.9110749363385,1767.7746252380778,,1478.9672507317007,2.291357576252357,2.513719651361045,607.3529048423228,,,,,,,,0.7347979471735923,1.0387668362454698,0.0,38.45923193746053,0.05224990656316211,0.1400242257052479,0.05353848076922452,2.8625263385414876,38.45763270620543,151.80322027899987,0.4735486830613324,1.743950793621014,0.0,,,,,,,,,,,,,,,,,,,,,,0.9449766142697348,2.6986985661969283,624.8036135903453,,,,,,,,0.9169410092924528,2.171532437193189,276.7919477423336
60,20,3,ch3g20,35.0,85.0,2.0,Man / Männlich,1.0,8,45,1,0,1,0.32182966061559415,0.8093947440184137,32.42907962920049,0.07312898062615181,0.037917091831316085,0.0,0.1628734659726706,0.07675110880685132,464.8331760479639,0.045501109116345306,0.6572952388440199,0.0,,,,0.15083330408269047,0.39533954587515024,124.3155639192911,518.6660749097805,0.369063017841431,575.5570816367182,5.276579770542311,,274.96719983372066,1.9695279156367629,1.7043249073426314,639.7819844715233,,,,,,,,0.6616689665474405,1.0008497444141538,0.0,88.7104194465813,0.007225633155752614,0.1472498588610005,0.02297119041507223,2.88549752895656,88.70923007470769,63.09399020429218,0.4280475739449871,1.086655554776994,0.0,,,,,,,,,,,,,,,,,,,,,,1.1078500802424054,2.7754496750037796,1089.6367896383092,,,,,,,,0.8628688790465192,1.8905554820988235,358.5025528628249
61,,,,,,,,,,,,,,,,,,,,,,,,,,,,,,,,,,,,,,,,,,,,,,,,,,,,,,,,,,,,,,,,,,,,,,,,,,,,,,,,,,,,,,,,,,,,,,
62,,,,,,,,,,,,,,,,,,,,,,,,,,,,,,,,,,,,,,,,,,,,,,,,,,,,,,,,,,,,,,,,,,,,,,,,,,,,,,,,,,,,,,,,,,,,,,
63,,,,,,,,,,,,,,,,,,,,,,,,,,,,,,,,,,,,,,,,,,,,,,,,,,,,,,,,,,,,,,,,,,,,,,,,,,,,,,,,,,,,,,,,,,,,,,
64,,,,,,,,,,,,,,,,,,,,,,,,,,,,,,,,,,,,,,,,,,,,,,,,,,,,,,,,,,,,,,,,,,,,,,,,,,,,,,,,,,,,,,,,,,,,,,
65,,,,,,,,,,,,,,,,,,,,,,,,,,,,,,,,,,,,,,,,,,,,,,,,,,,,,,,,,,,,,,,,,,,,,,,,,,,,,,,,,,,,,,,,,,,,,,
66,,,,,,,,,,,,,,,,,,,,,,,,,,,,,,,,,,,,,,,,,,,,,,,,,,,,,,,,,,,,,,,,,,,,,,,,,,,,,,,,,,,,,,,,,,,,,,
67,,,,,,,,,,,,,,,,,,,,,,,,,,,,,,,,,,,,,,,,,,,,,,,,,,,,,,,,,,,,,,,,,,,,,,,,,,,,,,,,,,,,,,,,,,,,,,
68,,,,,,,,,,,,,,,,,,,,,,,,,,,,,,,,,,,,,,,,,,,,,,,,,,,,,,,,,,,,,,,,,,,,,,,,,,,,,,,,,,,,,,,,,,,,,,
69,,,,,,,,,,,,,,,,,,,,,,,,,,,,,,,,,,,,,,,,,,,,,,,,,,,,,,,,,,,,,,,,,,,,,,,,,,,,,,,,,,,,,,,,,,,,,,
70,,,,,,,,,,,,,,,,,,,,,,,,,,,,,,,,,,,,,,,,,,,,,,,,,,,,,,,,,,,,,,,,,,,,,,,,,,,,,,,,,,,,,,,,,,,,,,
71,,,,,,,,,,,,,,,,,,,,,,,,,,,,,,,,,,,,,,,,,,,,,,,,,,,,,,,,,,,,,,,,,,,,,,,,,,,,,,,,,,,,,,,,,,,,,,
72,,,,,,,,,,,,,,,,,,,,,,,,,,,,,,,,,,,,,,,,,,,,,,,,,,,,,,,,,,,,,,,,,,,,,,,,,,,,,,,,,,,,,,,,,,,,,,
73,,,,,,,,,,,,,,,,,,,,,,,,,,,,,,,,,,,,,,,,,,,,,,,,,,,,,,,,,,,,,,,,,,,,,,,,,,,,,,,,,,,,,,,,,,,,,,
74,,,,,,,,,,,,,,,,,,,,,,,,,,,,,,,,,,,,,,,,,,,,,,,,,,,,,,,,,,,,,,,,,,,,,,,,,,,,,,,,,,,,,,,,,,,,,,
75,,,,,,,,,,,,,,,,,,,,,,,,,,,,,,,,,,,,,,,,,,,,,,,,,,,,,,,,,,,,,,,,,,,,,,,,,,,,,,,,,,,,,,,,,,,,,,
76,,,,,,,,,,,,,,,,,,,,,,,,,,,,,,,,,,,,,,,,,,,,,,,,,,,,,,,,,,,,,,,,,,,,,,,,,,,,,,,,,,,,,,,,,,,,,,
77,,,,,,,,,,,,,,,,,,,,,,,,,,,,,,,,,,,,,,,,,,,,,,,,,,,,,,,,,,,,,,,,,,,,,,,,,,,,,,,,,,,,,,,,,,,,,,
78,,,,,,,,,,,,,,,,,,,,,,,,,,,,,,,,,,,,,,,,,,,,,,,,,,,,,,,,,,,,,,,,,,,,,,,,,,,,,,,,,,,,,,,,,,,,,,
79,,,,,,,,,,,,,,,,,,,,,,,,,,,,,,,,,,,,,,,,,,,,,,,,,,,,,,,,,,,,,,,,,,,,,,,,,,,,,,,,,,,,,,,,,,,,,,
80,,,,,,,,,,,,,,,,,,,,,,,,,,,,,,,,,,,,,,,,,,,,,,,,,,,,,,,,,,,,,,,,,,,,,,,,,,,,,,,,,,,,,,,,,,,,,,
81,,,,,,,,,,,,,,,,,,,,,,,,,,,,,,,,,,,,,,,,,,,,,,,,,,,,,,,,,,,,,,,,,,,,,,,,,,,,,,,,,,,,,,,,,,,,,,
82,,,,,,,,,,,,,,,,,,,,,,,,,,,,,,,,,,,,,,,,,,,,,,,,,,,,,,,,,,,,,,,,,,,,,,,,,,,,,,,,,,,,,,,,,,,,,,
83,,,,,,,,,,,,,,,,,,,,,,,,,,,,,,,,,,,,,,,,,,,,,,,,,,,,,,,,,,,,,,,,,,,,,,,,,,,,,,,,,,,,,,,,,,,,,,
84,,,,,,,,,,,,,,,,,,,,,,,,,,,,,,,,,,,,,,,,,,,,,,,,,,,,,,,,,,,,,,,,,,,,,,,,,,,,,,,,,,,,,,,,,,,,,,
85,,,,,,,,,,,,,,,,,,,,,,,,,,,,,,,,,,,,,,,,,,,,,,,,,,,,,,,,,,,,,,,,,,,,,,,,,,,,,,,,,,,,,,,,,,,,,,
86,,,,,,,,,,,,,,,,,,,,,,,,,,,,,,,,,,,,,,,,,,,,,,,,,,,,,,,,,,,,,,,,,,,,,,,,,,,,,,,,,,,,,,,,,,,,,,
87,,,,,,,,,,,,,,,,,,,,,,,,,,,,,,,,,,,,,,,,,,,,,,,,,,,,,,,,,,,,,,,,,,,,,,,,,,,,,,,,,,,,,,,,,,,,,,
88,,,,,,,,,,,,,,,,,,,,,,,,,,,,,,,,,,,,,,,,,,,,,,,,,,,,,,,,,,,,,,,,,,,,,,,,,,,,,,,,,,,,,,,,,,,,,,
89,,,,,,,,,,,,,,,,,,,,,,,,,,,,,,,,,,,,,,,,,,,,,,,,,,,,,,,,,,,,,,,,,,,,,,,,,,,,,,,,,,,,,,,,,,,,,,
90,,,,,,,,,,,,,,,,,,,,,,,,,,,,,,,,,,,,,,,,,,,,,,,,,,,,,,,,,,,,,,,,,,,,,,,,,,,,,,,,,,,,,,,,,,,,,,
91,,,,,,,,,,,,,,,,,,,,,,,,,,,,,,,,,,,,,,,,,,,,,,,,,,,,,,,,,,,,,,,,,,,,,,,,,,,,,,,,,,,,,,,,,,,,,,
92,,,,,,,,,,,,,,,,,,,,,,,,,,,,,,,,,,,,,,,,,,,,,,,,,,,,,,,,,,,,,,,,,,,,,,,,,,,,,,,,,,,,,,,,,,,,,,
93,,,,,,,,,,,,,,,,,,,,,,,,,,,,,,,,,,,,,,,,,,,,,,,,,,,,,,,,,,,,,,,,,,,,,,,,,,,,,,,,,,,,,,,,,,,,,,
94,,,,,,,,,,,,,,,,,,,,,,,,,,,,,,,,,,,,,,,,,,,,,,,,,,,,,,,,,,,,,,,,,,,,,,,,,,,,,,,,,,,,,,,,,,,,,,
95,,,,,,,,,,,,,,,,,,,,,,,,,,,,,,,,,,,,,,,,,,,,,,,,,,,,,,,,,,,,,,,,,,,,,,,,,,,,,,,,,,,,,,,,,,,,,,
96,,,,,,,,,,,,,,,,,,,,,,,,,,,,,,,,,,,,,,,,,,,,,,,,,,,,,,,,,,,,,,,,,,,,,,,,,,,,,,,,,,,,,,,,,,,,,,
97,,,,,,,,,,,,,,,,,,,,,,,,,,,,,,,,,,,,,,,,,,,,,,,,,,,,,,,,,,,,,,,,,,,,,,,,,,,,,,,,,,,,,,,,,,,,,,
98,,,,,,,,,,,,,,,,,,,,,,,,,,,,,,,,,,,,,,,,,,,,,,,,,,,,,,,,,,,,,,,,,,,,,,,,,,,,,,,,,,,,,,,,,,,,,,
99,,,,,,,,,,,,,,,,,,,,,,,,,,,,,,,,,,,,,,,,,,,,,,,,,,,,,,,,,,,,,,,,,,,,,,,,,,,,,,,,,,,,,,,,,,,,,,
100,,,,,,,,,,,,,,,,,,,,,,,,,,,,,,,,,,,,,,,,,,,,,,,,,,,,,,,,,,,,,,,,,,,,,,,,,,,,,,,,,,,,,,,,,,,,,,
101,,,,,,,,,,,,,,,,,,,,,,,,,,,,,,,,,,,,,,,,,,,,,,,,,,,,,,,,,,,,,,,,,,,,,,,,,,,,,,,,,,,,,,,,,,,,,,
102,2,1,ch1g2,71.0,68.0,4.0,,,44,27,,,1,,,,,,,,,,,,,,,,,,,,,,,,,,,,55.9025695548891,0.0010589235869261984,0.0516467130557208,0.3107032693389149,2.52332190427769,55.9016994374953,0.0,,,,,,,,,,,,,,438.6857541115058,0.0,0.0,0.8634121571448932,2.425450044761289,438.68490336965266,438.68490336965266,23.44761370967453,0.0005342288630869052,0.067295585627283,0.02380932089122334,2.8734314196138317,23.441057111869952,131.76156917368144,308.3334026209301,0.0,0.0,0.19701125002131525,2.1478089943391643,308.3333333333346,1541.6666666666572,,,,794.9627311851565,0.0063219265730102,0.1286475204185738,0.07318456243107452,2.748839000050751,794.9625936422347,1017.1674540751249,,,
103,3,1,ch1g3,67.0,80.0,3.0,,,4,12,,,1,,,,,,,,,,,,,,,,,,,,,,,,,,,,269.7735967768421,0.0516467130557208,0.0,0.07704849137560243,2.6003703956532926,269.77356760397953,269.77356760397953,,,,,,,,,,,,,,438.68720820150634,0.0,0.0,1.4218601619707136,1.0035898827905754,438.68490336965266,0.0,123.4132386056864,0.004177091810501299,0.0714726774377843,0.3278825129468612,2.5455489066669705,123.41266324192159,255.17423241560303,1355.320321937841,0.0,0.0,0.5332572002683755,2.68106619460754,1355.3202151308133,186.34645153584384,,,,743.9253666866144,0.012765798854736707,0.1158817215638371,0.04953111179965708,2.699307888251094,743.9252882603686,273.2421658147563,,,
104,4,1,ch1g4,28.0,28.0,4.0,,,39,52,,,1,,,,,,,,,,,,,,,,,,,,,,,,,,,,413.5599822650695,0.0,0.0,0.11963986994747522,2.4807305257058174,413.55976572934634,683.3333333333259,,,,,,,,,,,,,,1475.0000258838063,0.0,0.0,0.27591115223311014,1.2795010350236855,1474.999999999995,1474.999999999995,116.98924497010384,0.02058315517214989,0.0508895222656344,0.34963245533789866,2.895181362004869,116.98851242299065,138.18571999261238,395.07933484612784,0.0,0.0,0.1366001430892192,2.5444660515183206,395.0789998812377,581.4254514170815,,,,48.27353646198148,0.10367638807622989,0.0122053334876072,0.18353281953018463,2.8828407077812788,47.982542669850545,321.2247084846068,,,
105,5,1,ch1g5,25.0,71.0,4.0,,,3,43,,,0,,,,,,,,,,,,,,,,,,,,,,,,,,,,813.4055693782694,0.0,0.0,0.07719992592315972,2.4035305997826577,813.4053737794419,1496.7387071127678,,,,,,,,,,,,,,450.000235564839,0.0,0.0,0.46030294087309453,1.73980397589678,450.0000000000007,1024.9999999999943,103.26316071700391,0.0019220810252658024,0.0489674412403686,0.09409027102830336,2.801091090976566,103.26305724421036,34.922662748402026,0.5650468164738107,0.0,0.0,0.014083157684522618,2.530382893833798,0.20069091369589387,581.2247605033856,,,,44.696183667981835,0.0734067274246385,0.0856120609122457,0.01707419831300383,2.8999149060942826,44.34748346884959,276.87722501575723,,,
106,6,1,ch1g6,25.0,,,,,0,,,,,,,,,,,,,,,,,,,,,,,,,,,,,,,,1089.7778568578938,0.0,0.0,0.4463140473620375,2.849844647144695,1089.7776721836017,406.961034929166,,,,,,,,,,,,,,1025.0001058434134,0.0,0.0,0.4632841576847304,2.2030881335815105,1024.9999999999943,0.0,212.83239087571235,0.0489674412403686,0.0,0.194001435616459,2.607089655360107,212.7551668412349,247.67782958963693,65.16473965829498,0.0,0.0,0.4342189983150697,2.0961638955187283,65.16328699034932,516.0614735130363,,,,46.42807740425001,0.004942758324903193,0.0806693025873425,0.16901135337499307,2.7309035527192895,46.4262781986765,230.45094681708073,,,
107,7,1,ch1g7,33.0,81.0,2.0,,,8,,,,,,,,,,,,,,,,,,,,,,,,,,,,,,,,9.89482903812232,0.0,0.0,0.03510614095865128,2.814738506186044,9.890775788703877,416.85181071786985,,,,,,,,,,,,,,863.2769824686699,0.0,0.0,0.48451455253220876,1.7185735810493017,863.2768464289114,863.2768464289114,247.6810734169844,0.0,0.0,1.2364487753595537,1.3706408800005532,247.67782958963693,0.0,516.0624106025211,0.0,0.0,0.9820007542183415,1.1141631413003867,516.0614735130363,0.0,,,,45.11267767139459,0.03836747441485869,0.1190367770022012,0.09047533368992378,2.8213788864092133,45.10842106583604,185.3425257512447,,,
108,8,1,ch1g8,33.0,39.0,5.0,,,0,42,,,3,,,,,,,,,,,,,,,,,,,,,,,,,,,,170.78453629801203,0.0,0.0,0.12620136784974578,2.688537138336298,170.7844356324474,587.6362463503173,,,,,,,,,,,,,,863.2768542914868,0.0,0.0,0.10204229694156641,1.6165312841077353,863.2768464289114,0.0,127.19173036511376,0.0374444858707545,0.0374444858707545,1.3642721534083377,2.734913033408891,127.06346727739307,127.06346727739307,0.4299463795238313,0.0,0.0,0.293868984211465,1.4080321255118518,0.0,0.0,,,,82.72535279483546,0.01781127474380019,0.101225502258401,0.021711081142914868,2.843089967552128,82.7235303447078,268.0660560959525,,,
109,9,1,ch1g9,33.0,25.0,3.0,,,0,14,,,2,,,,,,,,,,,,,,,,,,,,,,,,,,,,93.22456933960768,0.0266044821583837,0.0266044821583837,0.014973113305257524,2.6735640250310406,93.22455335210691,680.8607997024242,,,,,,,,,,,,,,0.6002035816445578,0.0,0.0,0.5988580306749436,1.0176732534327917,0.0,0.0,70.28586046350303,0.0173649096315259,0.0548093955022804,0.6058272079625961,2.1290858254462948,70.28287353310404,197.3463408104971,2316.6667673273414,0.0,0.0,0.6176254606594743,0.7904066648523774,2316.6666666666674,2316.6666666666674,,,,56.63801099118262,0.005309807762322302,0.0959156944960787,0.02033691995765352,2.8227530475944747,56.63703715298982,324.7030932489423,,,
110,10,1,ch1g10,53.0,81.0,5.0,,,20,56,,,2,,,,,,,,,,,,,,,,,,,,,,,,,,,,143.9102338052872,0.0266044821583837,0.0,0.08744532373191483,2.7610093487629555,143.91017606723142,536.9506236351928,,,,,,,,,,,,,,527.2481753401106,0.0,0.0,1.3169485430741743,2.334621796506966,527.246516241583,527.246516241583,124.39845878076584,0.0548093955022804,0.0,0.7508725314332985,2.8799583568795932,124.27441615513052,73.07192465536659,900.0005502135555,0.0,0.0,0.9900497972213868,1.7804564620737642,900.0000000000109,1416.6666666666565,,,,0.9899828140992928,0.0040665388503342975,0.0918491556457444,0.022391483357481423,2.8003615642369932,0.8446994110535115,323.8583938378888,,,
111,11,1,ch1g11,23.0,39.0,5.0,,,30,42,,,0,,,,,,,,,,,,,,,,,,,,,,,,,,,,33.56696353041659,0.1151910127955686,0.1151910127955686,0.04087174193299026,2.8018810906959457,33.08896298620823,570.039586621401,,,,,,,,,,,,,,527.2475052999677,0.0,0.0,1.0123565321631458,1.3222652643438202,527.246516241583,0.0,551.9915022164066,0.1078579809867555,0.1078579809867555,0.3575823379411833,2.52237601893841,551.963629888899,625.0355545442657,616.6667052417122,0.0290956638770962,0.0290956638770962,0.1689592206451591,1.611497241428605,616.6666666666738,2033.3333333333303,,,,560.614187174179,0.0835162427760978,0.1753653984218422,0.016297876499460795,2.816659440736454,560.6141420085653,884.4725358464541,,,
112,12,1,ch1g12,35.0,60.0,2.0,,,12,21,,,3,,,,,,,,,,,,,,,,,,,,,,,,,,,,86.14221578426088,0.0907609174981499,0.0244300952974187,0.13454176763133363,2.667339323064612,85.95701360311381,484.0825730182872,,,,,,,,,,,,,,1400.0000530507696,0.0,0.0,0.16263524857891132,1.1596300157649089,1399.999999999998,1399.999999999998,598.9077822412145,0.0363792455150089,0.1442372265017644,0.3219317949676377,2.8443078139060476,598.9076639545729,26.12789058969284,2033.3333612588049,0.0290956638770962,0.0,0.28887627465125987,1.3226209667773452,2033.3333333333303,0.0,,,,281.90051147196465,0.07124873431630518,0.2466141327381474,0.2162694994512191,2.600389941285235,281.90031738326184,602.5722184631923,,,
113,13,1,ch1g13,67.0,84.0,4.0,,,32,24,,,2,,,,,,,,,,,,,,,,,,,,,,,,,,,,111.31344086611966,0.010794149860585502,0.0352242451580042,0.145838412011845,2.813177735076457,111.31331986055426,372.7692531577329,,,,,,,,,,,,,,1400.000422615862,0.0,0.0,0.9711374909658583,2.130767506730767,1399.999999999998,0.0,27.87861000181806,0.0330467405145011,0.1111904859872633,0.040676414603895594,2.884984228509943,27.8782818970395,54.00617248673234,1241.6667510290458,0.0,0.0,0.4277023818530894,1.7503233486304346,1241.6666666666642,1241.6666666666642,,,,528.1532509572767,0.018407487325588084,0.2650216200637355,0.13140532856349507,2.73179526984873,528.1531722153137,74.41904624787858,,,
114,14,1,ch1g14,8.0,50.0,3.0,,,59,34,,,1,,,,,,,,,,,,,,,,,,,,,,,,,,,,43.91929593075767,0.0010510233312381045,0.0341732218267661,0.2168200132266067,2.5963577218498504,43.91872587137664,328.8505272863563,,,,,,,,,,,,,,421.1395564219724,0.0,0.0,0.48587895562655126,2.6166464623573185,421.1392603925569,421.1392603925569,160.8085442646004,0.10844265386393709,0.2196331398512004,0.10261840753968388,2.7823658209702593,160.8079907254585,214.81416321219083,785.3666002992537,0.0425849839583345,0.0425849839583345,0.45012217803310817,2.2004455266635428,785.3664622581975,456.3002044084667,,,,144.34515895577616,0.27750375301562075,0.5425253730793562,0.016463663516785854,2.715331606331944,144.34370848231535,218.76275473019393,,,
115,15,1,ch1g15,26.0,30.0,5.0,,,18,20,,,2,,,,,,,,,,,,,,,,,,,,,,,,,,,,320.601585828451,0.06127377151348141,0.0954469933402475,0.02493825666500893,2.5714194651848414,320.55565921152913,649.4061864978854,,,,,,,,,,,,,,421.1406133939998,0.0,0.0,1.0658533360791995,1.550793126278119,421.1392603925569,0.0,127.42954519708806,0.16092873370010458,0.0587044061510958,0.11687350837188015,2.8992393293421395,127.42789970473032,342.24206291692116,568.6999758265172,0.0290235853857459,0.0135613985725886,0.41941593181985826,1.7810295948436845,568.6997955915328,1024.9999999999995,,,,33.012719962236694,0.3425371311085813,0.1999882419707749,0.04694077810494646,2.7622723844368906,33.00438253796324,185.7583721922307,,,
116,16,1,ch1g16,23.0,35.0,4.0,,,3,5,,,1,,,,,,,,,,,,,,,,,,,,,,,,,,,,385.7141313835339,0.03000444646553599,0.1254514398057835,0.2538630514334068,2.8252825166182483,385.71392707081094,263.6922594270745,,,,,,,,,,,,,,821.494839667468,0.0,0.0,0.5951023887329254,2.1458955150110444,821.4946104885449,821.4946104885449,86.8701746801816,0.017882302694243,0.0765867088453388,0.43716665259264786,2.4620726767494916,86.8684152459142,429.11047816283536,516.6950713313029,0.022907185798315997,0.0364685843709046,0.20113694378139835,1.5798926510622862,516.6666666666604,1541.66666666666,,,,93.73191013829728,0.0015732958375010986,0.1984149461332738,0.07160062133103828,2.833873005767929,93.73018677814798,279.4885589703787,,,
117,17,1,ch1g17,60.0,40.0,4.0,,,37,5,,,0,,,,,,,,,,,,,,,,,,,,,,,,,,,,110.56114919222892,0.003688857413735702,0.1291402972195192,0.03724085938556243,2.8625233760038107,110.56046824056403,374.2527276676385,,,,,,,,,,,,,,821.4948937991117,0.0,0.0,0.6631496386005589,1.4827458764104855,821.4946104885449,0.0,537.5563951793142,0.0323357646040837,0.1089224734494225,0.22432453968330401,2.2377481370661876,537.5561885038319,966.6666666666672,1541.6762181153915,0.0364685843709046,0.0,0.41612818175864863,1.9960208328209348,1541.66666666666,0.0,,,,54.75624384839915,0.015251367997997312,0.2136663141312711,0.16595490609203623,2.6679180996758927,54.75498995763712,334.2435489280158,,,
118,18,1,ch1g18,38.0,38.0,,,,22,2,,,,,,,,,,,,,,,,,,,,,,,,,,,,,,,181.9085530551716,0.025183543584007193,0.103956753635512,0.20828659550555617,2.6542367804982545,181.90791287457307,192.34481479306544,,,,,,,,,,,,,,1700.0000209671218,0.0,0.0,0.2222326514663442,1.2605132249441413,1699.9999999999943,1699.9999999999943,62.9280446781452,0.03468159146003591,0.0742408819893866,0.09343004104944352,2.331178178115631,62.9263249543219,1029.592991620989,756.2089816035572,0.0,0.0,0.4000059407189751,1.5960148921019597,756.208867874382,756.208867874382,,,,256.2393862090501,0.029146078509350498,0.2428123926406216,0.07008086378093825,2.737998963456831,256.23880487342853,590.4823538014443,,,
119,19,1,ch1g19,54.0,41.0,3.0,,,16,3,,,,,,,,,,,,,,,,,,,,,,,,,,,,,,,268.46313317031405,0.03729383607763201,0.06666291755788,0.07522658532000381,2.5790101951782507,268.4628999860993,460.8077147791647,,,,,,,,,,,,,,1700.0000161314852,0.0,0.0,0.15134188079813926,1.4118551057422806,1699.9999999999943,0.0,688.4222733022153,0.1047998974560123,0.1790407794453989,0.3729155446582766,2.7040937227739077,688.4219893408579,341.1710022801312,727.1395463259468,0.0308479051830314,0.0308479051830314,0.0066367606477817365,1.6026516527497414,727.1244654589456,1483.3333333333276,,,,213.50145421656455,0.05729069276607621,0.1855216998745454,0.0001049871106872935,2.7378939763461436,213.49935818258086,803.9817119840252,,,
120,20,1,ch1g20,36.0,82.0,2.0,,,18,41,,,1,,,,,,,,,,,,,,,,,,,,,,,,,,,,408.0067624728659,0.06666291755788,0.0,0.05201394500624623,2.631024140184497,407.9717611396484,868.7794759188131,,,,,,,,,,,,,,1.0273435455216828,0.0,0.0,1.0260358349262675,0.385819270816013,0.0,0.0,167.2555408620106,0.040024040949358686,0.1390167384960402,0.18711557135824108,2.8912092941321488,167.2546040301468,173.91639824998438,220.81698166049955,0.0308479051830314,0.0,0.29240717973125374,1.3102444730184877,220.76711362786818,1704.1004469611958,,,,208.3329703543599,0.1855216998745454,0.0,0.05015631485837169,2.7880502912045153,208.2608025638118,595.7209094202134,,,
121,,,,,,,,,,,,,,,,,,,,,,,,,,,,,,,,,,,,,,,,,,,,,,,,,,,,,,,,,,,,,,,,,,,,,,,,,,,,,,,,,,,,,,,,,,,,,,
122,2,2,ch2g2,32.0,91.0,5.0,,,8,51,,,2,,,,,,,,,,,,,,,,,,,,,,,,,,,,0.6823020159365537,0.0213655877070177,0.1181828819092439,0.675898518020132,2.65891842261202,0.0,0.0,,,,,,,,,,,,,,549.1764663670324,0.0,0.0,0.43836267301351484,1.4342366920304508,549.1762728055344,1475.03923362761,123.55519557758048,0.023137505601186797,0.0856829301331509,0.0039811149610118335,2.871701456204317,123.55489804187324,183.4545054108931,1217.834436081674,0.0350173525122592,0.0350173525122592,0.08014168796763022,1.332053507620135,1217.8290680094924,1217.8290680094924,,,,455.6842766534271,0.028888263757895494,0.1445504201162057,2.8449920247749088,2.8449920247749088,455.6753633135619,455.6753633135619,,,
123,3,2,ch2g3,40.0,60.0,3.0,,,8,31,,,2,,,,,,,,,,,,,,,,,,,,,,,,,,,,794.4836648845113,0.26133788411337927,0.3795207660226232,0.3340759307881229,2.324842491823897,794.4687253476827,794.4687253476827,,,,,,,,,,,,,,62.22944199303647,0.0,0.0,0.8660931000527581,2.300329792083209,62.22313272057886,1537.2623663481888,208.91120479513225,0.009086750066914395,0.0765961800662365,0.25773958470491554,2.6139618714994013,208.91090754487112,392.3654129557642,353.48312010738755,0.1482177638222669,0.1832351163345261,0.4724200693035425,1.8044735769236775,353.48031580810436,864.348752201388,,,,1439.448739184564,0.030037674651189006,0.1745880947673947,1.0610650299870317,1.783926994787877,1439.447923205219,1895.123286518781,,,
124,4,2,ch2g4,42.0,59.0,3.0,,,2,1,,,0,,,,,,,,,,,,,,,,,,,,,,,,,,,,0.8950663974354375,0.01406342866491378,0.3654573373577094,0.05758608202075077,2.382428573844648,0.6553041107702029,795.1240294584529,,,,,,,,,,,,,,1337.274458020494,0.0787581590393488,0.0787581590393488,0.38994242174168203,1.9103873703415268,1337.2623663481895,199.99999999999943,111.44526246260108,0.013905928401705708,0.0626902516645308,0.07842623766038903,2.6923881091597903,111.44491934389333,280.9204936118709,515.1668951475733,0.1275890091393242,0.0556461071952019,0.08026654832057734,1.7242070286031002,515.1439081632828,1379.4926603646709,,,,1434.5463280466086,0.058950068291389296,0.233538163058784,0.934669946098408,2.718596940886285,1434.5459105281923,460.5773759905887,,,
125,5,2,ch2g5,33.0,72.0,3.0,,,9,13,,,0,,,,,,,,,,,,,,,,,,,,,,,,,,,,12.252115380497267,0.4732424046249533,0.8386997419826627,0.3507833734710042,2.733211947315652,12.230284120375131,807.354313578828,,,,,,,,,,,,,,517.0737585397161,0.0787581590393488,0.0,0.8712026210809376,2.7815899914224644,517.04205285016,717.0420528501594,196.7080527900316,0.06403137227780781,0.1267216239423386,0.21075816334609598,2.9031462725058863,196.70744987935646,84.21304373251442,225.01360823615911,0.06093796914531,0.1165840763405119,0.31452709768796616,2.0387341262910663,224.94923478816008,1154.5434255765108,,,,78.40662695321755,0.007758275135133691,0.2412964381939177,0.13280733184125992,2.851404272727545,78.40572001315485,538.9830960037435,,,
126,6,2,ch2g6,52.0,83.0,1.0,,,19,11,,,2,,,,,,,,,,,,,,,,,,,,,,,,,,,,181.3670872512319,0.4171305636429422,0.4215691783397205,0.41816867670747015,2.315043270608182,181.36460712950839,988.7189207083364,,,,,,,,,,,,,,279.972459756947,0.0995112324353675,0.0995112324353675,0.08752910245047962,2.869119093872944,279.91870920640196,437.12334364375744,351.6932902905548,0.03706573491684939,0.163787358859188,0.08230791336960586,2.8208383591362804,351.69278197859546,435.9058257111099,361.1331360860115,0.022579442280487,0.0940046340600249,0.12226929580332313,1.9164648304877432,361.13276198980793,1515.6761875663187,,,,221.5986341690851,0.0014074719328154017,0.2427039101267331,0.008909742515834651,2.8424945302117104,221.5979396967374,760.5810357004809,,,
127,7,2,ch2g7,40.0,70.0,4.0,,,12,13,,,3,,,,,,,,,,,,,,,,,,,,,,,,,,,,201.05462280839512,0.17536542351256743,0.2462037548271531,0.24849843597174726,2.563541706579929,201.05250569223222,787.6664150161042,,,,,,,,,,,,,,967.1405602922424,0.0414039638905947,0.1409151963259622,0.6119571017346574,2.2571619921382866,967.140006143439,1404.2633497871964,325.1092060049006,0.05602628837480769,0.1077610704843803,0.035343520675486406,2.856181879811767,325.10833048122805,110.79749522988185,627.6023879059559,0.04932348916166011,0.0446811448983648,0.0458075333742618,1.962272363862005,627.577757851637,888.0984297146817,,,,173.2778598743461,0.028942549551015384,0.2137613605757177,0.10739856076318732,2.735095969448523,173.27708890127496,587.303946799206,,,
128,,,,,,,,,,,,,,,,,,,,,,,,,,,,,,,,,,,,,,,,,,,,,,,,,,,,,,,,,,,,,,,,,,,,,,,,,,,,,,,,,,,,,,,,,,,,,,
129,,,,,,,,,,,,,,,,,,,,,,,,,,,,,,,,,,,,,,,,,,,,,,,,,,,,,,,,,,,,,,,,,,,,,,,,,,,,,,,,,,,,,,,,,,,,,,
