participantID,generation_number,chain_number,chainID,age,extrovert,diff_in_age,diff_in_extrovert,diff_in_gesture_space_Donner,diff_in_entropy_Donner,diff_in_variability_Donner,diff_in_gesture_space_kalt,diff_in_entropy_kalt,diff_in_variability_kalt,diff_in_gesture_space_langsam,diff_in_entropy_langsam,diff_in_variability_langsam,diff_in_gesture_space_leise,diff_in_entropy_leise,diff_in_variability_leise,diff_in_gesture_space_rennen,diff_in_entropy_rennen,diff_in_variability_rennen,diff_in_gesture_space_mean,diff_in_entropy_mean,diff_in_variability_mean,total_dist_Donner,total_dist_kalt,total_dist_langsam,total_dist_leise,total_dist_rennen,total_dist_mean,gesture_space_rennen,entropy_rennen,variability_rennen,gesture_space_Donner,entropy_Donner,variability_Donner,gesture_space_kalt,entropy_kalt,variability_kalt,gesture_space_leise,entropy_leise,variability_leise,gesture_space_langsam,entropy_langsam,variability_langsam,gesture_space_mean,entropy_mean,variability_mean
0,,,,,,,,,,,,,,,,,,,,,,,,,,,,,,,,,,,,,,,,,,,,,,,,,
1,1,1,ch1g1,26.0,40.0,,,0.737688118500669,1.860545163762867,0.1695247653739701,0.4354503935476486,0.06835538631037119,0.7218056826542455,0.7512020521083186,0.11408710504460429,0.12028714804011065,0.3187169178856537,0.033691309228077504,0.8509025697570909,0.19417567165860394,0.034040458679282626,0.03543139698586706,0.48744663074017874,0.4221438846050405,0.37959031256225684,13.148895465046849,1.577588883951702,2.444457487982001,2.1444102501421027,3.7938261709974,4.62183565162401,-0.9512190687578626,1.0548826713022337,-0.8301412837932554,0.49597008435110895,-0.8745277204197406,-0.5398469598186627,0.22471165423344816,-1.0123117835535922,-1.1191863245341958,-0.7966098358817317,-1.449773677581599,-1.1191863245341958,-0.8411000123171516,0.9589297460157052,-0.6933737130457507,-0.37364943567443776,-0.2645601528473986,-0.8603469211452122
2,2,1,ch1g2,24.0,17.0,2,23,0.27651292073143713,0.047161204191785044,0.3580792568283464,0.0033709828730328073,0.13444929619179025,3.1030999628240448,0.18979428416323474,0.02516582952827706,0.04102509478325267,0.10116271308743574,0.02892882951949538,0.0,0.06577323932000545,0.013628919561451625,0.11818034894796514,0.12732282803502917,0.04986681579855987,0.7240769326767218,1.4820855069033898,5.2851688081091135,0.7004199457106532,0.4035247831907315,0.3972038214121854,1.6536805730652149,-1.016992308077868,1.041253751740782,-0.7119609348452902,0.7724830050825461,-0.9216889246115256,-0.8979262166470091,0.22808263710648097,-1.1467610797453824,1.9839136382898492,-0.695447122794296,-1.4208448480621036,-1.1191863245341958,-0.6513057281539169,0.9337639164874282,-0.652348618262498,-0.2726359033674107,-0.30285543683816035,-0.2795016911998288
3,3,1,ch1g3,32.0,60.0,8,43,0.23172378736017607,1.9181694698021516,0.9148961727839474,0.748659900903788,0.10929595945856763,1.3162246168194023,0.22958635972281055,0.13999148575817155,0.11347687862588685,0.13076947020004814,0.13268093586689989,0.6526805669355298,0.5859957594763023,0.02498688234716462,0.18636390374542622,0.385347055532625,0.465024946646591,0.6367284277820385,12.63181132091682,2.5965072187814355,0.6275836916804726,2.357628102013238,1.0045541788526111,3.8436169024489155,-0.4309965486015656,1.0662406340879467,-0.8983248385907164,0.54075921772237,0.9964805451906261,0.016969956136938347,-0.5205772637973071,-1.0374651202868148,0.6676890214704471,-0.8262165929943441,-1.2881639121952038,-0.466505757598666,-0.4217193684311063,1.0737554022455997,-0.7658254968883849,-0.3317501112203906,0.16216950980843076,-0.28919942309407637
4,4,1,ch1g4,60.0,86.0,28,26,1.4589542338861894,0.06503310608340584,0.1875447642550175,0.6257010545014507,1.7379189738408747,0.1737389850022611,1.1800588547057702,0.1998250245286003,1.0258133928934883,0.014942747088604103,1.4802116847209776,0.006412855418599872,0.1592055987678731,0.10949271353669698,0.013691329230922977,0.6877724977899775,0.718496300542111,0.28144026536005795,2.690339237625549,12.206711823310386,3.9172554034333458,11.145116369615389,0.5407004000478215,6.100024646806498,-0.2717909498336925,0.9567479205512497,-0.9120161678216394,1.9997134516085593,1.061513651274032,-0.17057480811807915,0.10512379070414374,0.70045385355406,0.49395003646818597,-0.81127384590574,0.1920477725257739,-0.4729186130172659,0.7583394862746639,0.8739303777169994,0.25998789600510347,0.3560223865695869,0.756938715124423,-0.16031433129673903
5,5,1,ch1g5,59.0,66.0,1,20,0.26646641602612453,0.28415836303588826,1.437016408456905,0.40779048717168365,1.6366693892065696,1.1539624138458,0.34650578953344413,0.16217895760486367,0.6751512364933017,0.3948823927635885,1.7490188788740384,0.6462677115169299,0.26701820865704146,0.15110128678517332,0.29778441470051187,0.3365326588303764,0.7966253751013067,0.8420364370026897,2.391624895217318,11.565740099476963,1.2137339356722197,10.42285001100259,1.6336319415223584,5.44551617657829,-0.538809158490734,1.107849207336423,-0.6142317531211275,2.266179867634684,0.7773552882381437,1.266441600338826,-0.3026666964675399,-0.9362155356525095,-0.660012377377614,-1.2061562386693285,-1.5569711063482645,-1.1191863245341958,0.4118336967412197,1.0361093353218631,0.9351391324984052,0.12607629414966018,0.08562543777913116,-0.03836994443914123
6,6,1,ch1g6,24.0,71.0,35,5,1.5920767020178397,1.651074135611387,0.9723489589619962,1.1223259980087463,0.12210419056778099,0.5525937764280373,0.6631521578007681,0.05201894989663802,0.6016252332162573,0.1927813871101518,0.10433369826832406,0.0,0.06047139802357915,0.11630435097569813,0.14563984217557358,0.726161528592217,0.40916706506396566,0.45444156215637294,12.166147960509,1.9463234006015817,1.8066559213196356,1.9400764240493724,0.9639187640497132,3.7646244941058606,-0.5992805565143131,0.9915448563607249,-0.46859191094555397,0.6741031656168441,-0.8737188473732433,0.2940926413768296,-1.4249926944762863,-0.8141113450847285,-0.10741860094957671,-1.3989376257794803,-1.4526374080799405,-1.1191863245341958,-0.25131846105954836,0.9840903854252251,0.3335138992821479,-0.6000852344425568,-0.23296647175039248,-0.2135180591540698
7,7,1,ch1g7,50.0,40.0,26,31,0.19773452839351735,0.11430690826975265,0.6803227495518936,0.7891675800693619,0.24808405602300365,0.8518962810992352,0.2866627724017561,0.0945393204134174,0.5001593770585643,0.5493648869643881,0.04326433295806176,0.0,0.0009652205882854092,0.008504799278134967,0.06140062461645546,0.3647789976834618,0.10173988338847409,0.4187558064652297,1.3926036662910095,2.3532299960598064,1.653497649463221,0.66999991333273,2.789105662169838,1.771687377463321,-0.5983153359260277,1.0000496556388598,-0.5299925355620094,0.8718376940103615,-0.7594119391034907,-0.38623010817506404,-0.6358251144069244,-1.0621954011077321,0.7444776801496585,-0.8495727388150922,-1.4959017410380022,-1.1191863245341958,-0.5379812334613044,0.8895510650118077,0.8336732763407122,-0.34997134571979743,-0.2855816721197115,-0.09145160235617969
8,8,1,ch1g8,24.0,54.0,26,14,0.0976824585091498,0.05546809429787247,0.13130414739684032,0.06552889624168645,0.022404810717918888,0.6380750032468555,0.7661490449695473,0.04986340571058867,0.9351322498953434,0.1160673629798954,0.028899918894050414,1.8234943938587187,0.10391189268832979,0.019382045571714634,0.356697808139921,0.22986793107772177,0.03520365503842902,0.7769407205075357,0.6589531953314868,2.102314676367923,1.9576303710519765,4.476641302177203,0.7969790428552287,1.9985037175567637,-0.4944034432376979,0.9806676100671452,-0.8866903437019305,0.9695201525195113,-0.8148800334013632,-0.2549259607782237,-0.5702962181652379,-1.0397905903898133,1.382552683396514,-0.9656401017949876,-1.5248016599320526,0.7043080693245228,0.2281678115082428,0.9394144707223964,-0.10145897355463113,-0.16653035983403386,-0.2918780405867375,0.16875709493725027
9,9,1,ch1g9,58.0,50.0,34,4,0.6828763818906295,0.003023015916849836,0.08902067523296331,0.38800600034959787,0.006459015139392621,2.183664426865602,1.213394595093454,0.051092068626411136,0.45111705254707063,0.2012582105525369,0.04828354497411924,0.4083867652912755,0.10163511478402382,0.016717876166071566,0.6842384286781137,0.5174340605340484,0.02511510416456888,0.7632854697230049,1.101977005571418,3.755790933254563,1.9342134403103752,5.796881572312617,1.2678762083105113,2.771347831951897,-0.3927683284536741,0.9639497339010736,-0.20245191502381674,1.6523965344101408,-0.817903049318213,-0.343946636011187,-0.18229021781564,-1.0333315752504206,3.566217110262116,-0.7643818912424507,-1.4765181149579334,1.1126948346157983,-0.9852267835852111,0.8883224020959852,0.3496580789924395,-0.13445413733736702,-0.29509612070590163,0.8964342945670699
10,10,1,ch1g10,25.0,70.0,33,20,0.05621516308879215,1.2692658313376146,0.3294634261818222,0.20011346233987773,0.15154632540924062,4.219644983397427,0.9413708034890552,0.06001081772889305,0.34210792043925325,0.16008751200570281,0.15063290284428676,1.0409721422752056,0.48316180939431147,0.04378080433713105,0.619238723719928,0.36818975006354787,0.33504733633143324,1.3102854392027272,12.06297388906268,6.935094446303318,2.230609563462614,6.235387557648395,1.8838167012631004,5.869576431548022,-0.8759301378479856,1.0077305382382047,-0.8216906387437448,1.708611697498933,0.4513627820194015,-0.6734100621930093,-0.38240368015551773,-0.88178524984118,-0.6534278731353113,-0.6042943792367479,-1.3258852121136466,0.07172269234059271,-0.04385598009615584,0.8283115843670922,0.007550158553186246,-0.03957449596749481,0.015946888533974347,-0.41385114463565725
11,11,1,ch1g11,25.0,76.0,0,6,0.026974464173826762,1.2637814016258806,0.7208574548756944,1.492912823999879,0.03913236037485368,0.43649137889579825,1.2335871434079217,0.8170502336343363,1.126736483087382,0.008365860322677832,0.0567079200526901,1.1909090168747885,0.38277232331402383,0.07812498669316426,0.3534560528947364,0.6289225230436658,0.45095938047618506,0.7656900773256798,12.169790354274468,2.6322919249189867,6.470955388056035,2.8693821830627715,2.00758558626323,5.230001087315098,-0.49315781453396174,0.9296055515450404,-0.4682345858490084,1.6816372333251062,-0.8124186196064791,0.047447392682685115,1.1105091438443613,-0.9209176102160337,-0.21693649423951297,-0.6126602395594257,-1.3825931321663367,-1.1191863245341958,-1.2774431235040775,0.01126135073275587,-1.1191863245341958,0.0817770399144005,-0.43501249194221064,-0.5752192672948455
12,12,1,ch1g12,25.0,55.0,0,21,0.26417662911357787,1.5364107803616784,1.2085396498723517,1.256236789675899,0.3400022568365537,3.2360592352245168,0.621747742084722,0.9054302196858207,0.8805718245191255,0.16016289232977987,0.10599575511743264,1.1871708293351058,0.01066883096001231,0.00013361240019948983,0.21571456211828693,0.46259857683279826,0.577594524880337,1.3456112202138775,12.571276442371463,5.96452540168226,6.014637413528656,2.9102791214134274,0.7588101816183879,5.643905712122839,-0.503826645493974,0.9297391639452399,-0.6839491479672953,1.4174606042115283,0.7239921607551992,1.2559870425550368,-0.1457276458315378,-1.2609198670525874,3.019122740985004,-0.45249734722964585,-1.276597377048904,0.06798450480090998,-0.6556953814193555,0.9166915704185766,-0.2386145000150702,-0.06805728315259696,0.006581130203504859,0.6841061280717169
13,13,1,ch1g13,10.0,50.0,15,5,1.047528474537129,1.5894084066071097,0.5647007430598986,0.21266942790089222,0.2234406155193922,0.5767965775138908,0.5681352486804746,0.08604946505796385,0.19357877828723788,0.474445987078816,0.09017133888077078,1.1871708293351058,0.3662544654342259,0.0638367630634682,0.037558336998679276,0.5338067207263075,0.4105813178257409,0.5119610530389626,12.31243004884642,1.503666790610285,3.327555680418923,2.691677683607168,1.9138389589090947,4.349833832478378,-0.8700811109282,0.8659024008817717,-0.6463908109686161,0.36993212967439926,-0.8654162458519105,0.6912862994951382,-0.35839707373243,-1.0374792515331952,2.442326163471113,-0.9269433343084619,-1.3667687159296749,-1.1191863245341958,-0.08756013273888087,1.0027410354765405,-0.045035721727832316,-0.3746099044067147,-0.2802041553912936,0.2645999211471215
14,14,1,ch1g14,11.0,40.0,1,10,0.36264794940804657,0.07817633500579768,0.8439707036421956,0.9571071269415097,0.07736039591937449,3.5615124880053086,0.10280609012443453,0.015798978962639376,0.6967844094131138,0.4367337310338584,0.030673023590712,0.0,0.1818419725705701,0.16684944019178194,0.08589828882915207,0.4082273740156839,0.07377163473406109,1.0376331779779542,1.7344149632630084,5.980123289683343,3.4024955919948,0.7874846612316051,0.7788488399760656,2.5366734692297643,-0.6882391383576298,1.0327518410735537,-0.7322890997977681,0.7325800790824458,-0.7872399108461128,-0.1526844041470574,0.5987100532090797,-0.9601188556138207,-1.1191863245341958,-0.4902096032746035,-1.3974417395203869,-1.1191863245341958,0.01524595738555367,1.0185400144391799,0.6517486876852815,0.03361746960896914,-0.21870173009351737,-0.4943194930655871
15,15,1,ch1g15,44.0,70.0,33,30,0.06071479564583482,0.00544242691651442,0.04461725672486688,0.7241781842740018,0.15250023615004182,2.274133385846585,0.020725618697962286,0.21661955742763472,0.26784607600233146,0.23375541407451894,0.04995351836843809,0.0,0.13581449806492163,0.06327771785336311,0.018158711764833524,0.2350377021514479,0.09755869134319843,0.5209510860677233,0.5568911133485421,4.01581684563992,0.9385274571226124,0.5869367102061617,0.4303068940507062,1.3056958040735887,-0.8240536364225515,0.9694741232201906,-0.7504478115626017,0.671865283436611,-0.7817974839295984,-0.10806714742219051,-0.1254681310649222,-1.1126190917638625,1.154947061312389,-0.7239650173491224,-1.447395257888825,-1.1191863245341958,0.035971576083515956,0.8019204570115451,0.38390261168295003,-0.19312998506329382,-0.31408345067011006,-0.08777032210472982
16,16,1,ch1g16,27.0,30.0,17,40,0.2666031229070431,1.7035457642614742,0.11944314858612282,0.17547981906772542,1.6358786806161676,2.2266465526731336,0.08730782827949204,0.1780709179251896,0.32427906256384964,0.5105008790529971,0.2915222657409364,0.4653709650993493,0.16636045697648993,0.5086960465058898,1.4110794790164345,0.24125042125674953,0.8635427350099315,0.909363841587778,12.935344753193348,13.380718293418056,1.6730236334751063,3.441137707143381,2.954187045047634,6.876882286455505,-0.9904140933990414,0.4607780767143007,0.6606316674538328,0.4052621605295679,0.9217482803318758,0.011376001163932314,0.050011688002803235,0.5232595888523051,-1.0716994913607447,-0.2134641382961253,-1.1558729921478885,-0.6538153594348465,-0.05133625219597608,0.9799913749367347,0.7081816742467997,-0.1599881270717543,0.34598086573746556,-0.06906510158620524
17,17,1,ch1g17,,,,,0.7874218205492298,1.7741376504370656,0.8199590839628572,0.9944566973935194,1.8887404202747036,0.04748683317345104,0.9961981539120349,0.11185092221197612,0.9270562417707622,0.5467351318764524,0.25673953662687854,0.4653709650993493,,,,0.8312029509328092,1.007867132387656,0.5649682810016049,11.476191919173504,10.62420422730732,2.5603910064654407,2.603731865898705,,6.816129754711243,,,,-0.3821596600196619,-0.8523893701051899,-0.8085830827989249,-0.9444450093907162,-1.3654808314223985,-1.1191863245341958,-0.7601992701725777,-1.412612528774767,-1.1191863245341958,-1.047534406108011,0.8681404527247586,-0.21887456752396256,-0.7835845864227418,-0.6905855693943992,-0.8164575748478198
18,18,1,ch1g18,19.0,64.0,,,0.14553915462181372,0.12525025351257357,0.1333721307453346,1.3345056275096,0.44445608173799467,0.854762997121278,0.06720789663553073,0.034968995695054184,0.5367948045341987,0.07359258821721126,0.030784802659248767,0.0,,,,0.4052113167460389,0.1588650334012178,0.38123248310020286,0.8515064478146417,4.278133967317478,2.5661839542036557,3.7480212059672593,,2.8609613938257588,,,,-0.5276988146414756,-0.7271391165926163,-0.9419552135442595,0.3900606181188837,-0.9210247496844038,-0.2644233274129177,-0.6866066819553664,-1.3818277261155183,-1.1191863245341958,-0.9803265094724802,0.9031094484198128,0.31792023701023614,-0.45114284698760965,-0.5317205359931814,-0.5019111571202842
19,19,1,ch1g19,57.0,39.0,38,25,1.352547935411314,0.09659434974318726,0.8804218875566774,0.31153882325771787,0.0640861512458134,0.6764617822185592,0.6511821250735386,0.11216751815982184,0.22838085112561263,0.3862238912342053,0.10133631244185493,1.4970031159034756,0.49939585190723546,0.21318040670015914,0.9147929579702481,0.6401777253768023,0.11747294765816732,0.8394121189549146,2.8786162458690625,2.0281954791561008,2.564617849102482,3.575879965515263,1.9261736229788944,2.59469663252436,-1.1820634837698136,0.8141306369963678,0.5975779919354828,0.8248491207698383,-0.8237334663358036,-0.06153332598758208,0.07852179486116584,-0.9851109009302172,0.4120384548056416,-1.0728305731895718,-1.4831640385573732,0.37781679136927976,-0.3291443843989416,1.0152769665796346,0.08953938588462351,-0.3361335051454646,-0.2925201604494784,0.2830878596014891
20,20,1,ch1g20,,,,,0.06768772938623124,0.06784108017299328,0.7525012683151587,0.2509471730094882,0.3101665673408591,1.2331694972537384,0.39700611662176727,0.1927961059429062,0.12800828193506958,0.35189702555038593,0.015377734303624768,1.2982575983400508,0.18793664428286871,0.028651797298454795,0.7825212497587515,0.25109493777014824,0.12296665701176764,0.8388915791205538,1.2863987884324095,3.098653867858826,2.2038161923423836,2.4980649832376214,1.4918008360068058,2.1157469335756094,-0.9941268394869449,0.785478839697913,-0.18494325782326865,0.8925368501560695,-0.7558923861628103,-0.8140345943027408,-0.17242537814832237,-1.2952774682710764,-0.8211310424480968,-1.4247275987399577,-1.498541772860998,1.6760743897093306,-0.7261505010207089,0.8224808606367284,0.2175476678196931,-0.4849786934479729,-0.38835038539204864,0.014702632590983488
21,1,2,ch2g1,22.0,50.0,,,2.8918030706362146,2.6433410132700295,0.40981459934156295,0.29665714962358025,1.574951203170722,3.3991643733218733,0.17995803367660276,0.089703635069727,1.7178602646634533,0.22647794634906937,0.04527726922623421,0.4977234923675883,0.5444154727045177,0.01390018982014296,0.1108621211968639,0.827862334597997,0.8734346621113712,1.2270849701782685,12.39661729048856,12.07004919890989,3.21487382085494,1.1097171592569226,3.827159215727304,6.523683337047524,-1.3014588698037763,1.1028233198016593,-0.7547105595822585,-1.6581448677844366,-1.657323569926903,-1.1191863245341958,-0.5073958889377806,0.6309948059275009,3.001783731441923,-0.8888488074183161,-1.4613596375797557,0.2294397375904835,-0.2698559938854358,0.9833132159905825,1.1447736996578133,-0.9251408855659491,-0.08031037315738328,0.5004200569147532
22,2,2,ch2g2,59.0,69.0,37,19,2.6475968277942674,2.4931742882820838,2.1274479457344384,0.3810520602198973,0.04885025377185659,0.36556722790992024,0.5444153969680304,0.191418272844871,1.2939671498825054,0.2398019724562903,1.4518099245512806,1.3486260621246793,0.24921447321494372,0.40335138643152746,0.37766814008844557,0.8124161461306858,0.917720825176324,1.1026553051479977,12.488868097064634,1.379905326738582,4.388047601136027,11.141008269891213,2.6208273476445925,6.40373132849501,-1.0522443965888326,0.6994719333701318,-0.37704241949381295,0.9894519600098309,0.8358507183551807,1.0082616212002424,-0.12634382871788336,0.5821445521556443,3.3673509593518434,-1.1286507798746064,-0.009549713028475237,-1.1191863245341958,0.27455940308259463,0.7918949431457115,-0.1491934502246922,-0.20864552841777936,0.5799624867996387,0.5460380772598769
23,3,2,ch2g3,35.0,43.0,24,26,0.8873491293000345,0.2360639513955608,0.5909593217893145,0.410562626465407,0.22409342908647756,2.3642199491130156,0.7239536163757619,0.024590281555212368,0.46148829459636964,0.11571527560352313,1.2794992493290969,0.7611255400883109,0.35333253604662973,0.004393304872825188,0.012305068413795861,0.4981826367582712,0.3537280432478346,0.8380196348001613,3.726827534321208,5.398309999201146,3.781657595140883,10.835648859377136,2.066396903072455,5.161768178222565,-0.6989118605422029,0.703865238242957,-0.3647373510800171,1.8768010893098654,0.5997867669596199,1.599220942989557,0.2842187977475236,0.8062379812421219,1.0031310102388278,-1.0129355042710833,-1.289048962357572,-0.35806078444588485,0.9985130194583566,0.8164852247009239,-0.6106817448210619,0.2895371083404919,0.3274652497576101,0.25377441457628425
24,4,2,ch2g4,66.0,60.0,31,17,0.9384712502784536,0.07210953547448151,0.019919950979519596,0.9637243953137982,2.116480229331245,0.11837297485537202,1.4502160368740329,0.006968804449873356,2.5582933042869094,0.050258169089575144,0.06671953399582775,0.2360979565531768,0.38404153338898817,0.04394895633179541,1.0183153132590688,0.7573422769889696,0.46124541191664453,0.7901998999868093,3.8192028886311906,13.328315522401487,4.827990440323795,0.7371374256223335,2.267355737504045,4.99600040289657,-1.082953393931191,0.7478141945747524,0.6535779621790516,0.9383298390314119,0.6718963024341014,1.5793009920100374,-0.6795055975662745,-1.3102422480891227,0.8847580353834558,-1.0631936733606584,-1.3557684963533998,-0.12196282789270804,-0.45170301741567637,0.8234540291507972,1.9476115594658474,-0.46780516864847765,-0.0845692436565743,0.9886571442291368
25,5,2,ch2g5,33.0,80.0,33,20,0.7244232038746834,0.0778216164812413,0.7926377004824208,0.3996400827196652,0.08619572723488966,2.0039443599176514,0.5813836916085304,0.20904465826623597,2.0658921274289197,0.2077183455486773,0.029551300600055397,0.016150418816939807,0.35743622175827583,0.31151881604803233,1.712846139735737,0.45412030910196644,0.14282642372609095,1.3182941492763338,5.615152085228985,4.310407959767626,4.133448177079838,0.3840615377679317,3.2513092478082792,3.538875801530532,-0.7255171721729152,1.0593330106227847,-1.0592681775566855,1.6627530429060953,0.5940746859528601,2.371938692492458,-0.27986551484660926,-1.224046520854233,-1.1191863245341958,-0.8554753278119811,-1.3853197969534552,-0.10581240907576824,-1.0330867090242069,1.0324986874170332,-0.11828056796307218,-0.2462383361899234,0.015308013236997953,-0.006121757327452704
26,6,2,ch2g6,,,,,0.6466801401842992,0.3331204154389781,1.2604770296111525,0.9151255579046628,0.3357515003846002,0.6270791972053642,0.29377339629151533,0.024426815047751793,0.02335495739169255,0.11075063335073443,0.0667630124935723,1.0133739154584276,0.12568807989082176,0.026897674556257023,0.19247946820970685,0.4184035615244067,0.1573918835842319,0.6233529135752688,3.9730483309885294,2.4978983015163725,2.4239288354478754,2.5964214378026425,1.2835002222558272,2.5549594256022496,-0.851205252063737,1.0324353360665277,-0.8667887093469786,1.016072902721796,0.9271951013918381,1.1114616628813057,-1.194991072751272,-0.8882950204696328,-0.49210712732883155,-0.7447246944612467,-1.4520828094470275,-1.1191863245341958,-0.7393133127326915,1.0080718723692814,-0.14163552535476473,-0.5028322858574302,0.1254648959821974,-0.301651204736693
27,7,2,ch2g7,13.0,73.0,,,0.2084342392170837,0.04202309486136979,0.5690625809149199,0.8126920283878375,0.06349399179412063,0.3231958762228364,1.6390006457365354,0.023141845223575874,1.092629268477585,0.43907809120746855,1.7421422938032918,0.0,0.08743501892686778,0.24563486261149858,0.6965763975178354,0.6373280046951586,0.42328721765877136,0.5362928246266353,1.843825673497101,1.1301841541919602,5.09510433856243,9.37945066302518,1.7447784796618595,3.838668661787706,-0.7637702331368692,0.7868004734550291,-0.17021231182914315,1.2245071419388798,0.8851720065304683,0.5423990819663858,-0.38229904436343454,-0.9517890122637535,-0.16891125110599514,-0.3056466032537781,0.2900594843562643,-1.1191863245341958,0.8996873330038438,0.9849300271457055,0.9509937431228203,0.13449571883772835,0.39903459584474277,0.007016587523974371
28,8,2,ch2g8,80.0,80.0,67,7,0.10358886643816057,0.14795373292221137,0.06827280261897606,0.27155679539836997,0.0451669166991685,1.0479836694645597,,,,1.0768382172208455,1.6847536068986433,0.0,0.6287730597352434,0.1612190568144598,0.5054304152058886,0.5201892346981549,0.5097733283336208,0.4054217218223561,2.8885429725955674,2.6171221177096298,,10.057806122542395,2.2373462569767177,4.450204367456077,-0.13499717340162576,0.9480195302694889,-0.6756427270350318,1.1209182755007192,0.737218273608257,0.6106718845853618,-0.11074224896506457,-0.906622095564585,0.8790724183585644,-1.3824848204746236,-1.394694122542379,-1.1191863245341958,,,,-0.1268264918351487,-0.15401960355730454,-0.0762711871563253
29,9,2,ch2g9,69.0,45.0,11,35,0.6428848471754187,1.8126600261690555,0.08428719300812382,0.17576597977168146,0.3000646495934529,0.39507764904680986,,,,0.5365046659646708,0.0670011253517242,1.3382190642095613,0.20050197180144474,0.043910152986106565,0.34918536479694257,0.38891436617830394,0.5559089885250847,0.5416923177653594,14.264105707750462,4.412490949005713,,3.033528626968604,2.792423465509984,6.125637187308691,-0.3354991452030705,0.9041093772833824,-0.32645736223808924,0.47803342832530044,-1.0754417525607987,0.526384691577238,-0.28650822873674603,-1.2066867451580379,1.2741500674053743,-0.8459801545099528,-1.4616952478941032,0.21903273967536563,,,,-0.24748852503111723,-0.7099285920823893,0.42327753410497215
30,10,2,ch2g10,45.0,51.0,24,6,0.590213576278841,1.5795517996487134,0.04496024486175276,0.44005954388844465,1.7122568555389561,0.5143148094290728,1.690106958850092,0.4056984582140196,3.474865871088531,0.09358692640482602,0.06151390165092674,1.3382190642095613,0.03884812366583179,0.06060086681170884,0.1800835931046379,0.5705630258176072,0.7639243763728649,1.110488716538711,13.94677391329719,12.56160724076328,5.9664190281161655,2.986412814544451,1.491136407498237,7.390469880843865,-0.3743472688689023,0.9647102440950912,-0.5065409553427271,1.0682470046041415,0.5041100470879146,0.5713449364389908,0.15355131515169862,0.5055701103809183,0.7598352579763015,-0.9395670809147788,-1.4001813462431765,-1.1191863245341958,1.0958879991241732,0.6556634855610447,3.3621432576039405,0.20075439381926646,0.24597450817635852,0.6135192344284619
31,11,2,ch2g11,36.0,12.0,9,39,0.32971262860715345,0.030823649967867794,0.67431303106234,0.6567377179999633,1.5340926028242035,0.042702017924817426,0.17745729340897842,0.13622721048350184,3.7523150451362883,0.28751932460977103,1.777765576653675,0.7368063319424665,0.11726609612672467,0.029177657201201246,0.32430401684976895,0.31373861215051824,0.7016173394260898,1.1060880885831363,1.857215627141679,12.639544638906711,6.08695111347936,11.794584070716825,2.597139223269298,6.9950869347027735,-0.49161336499562697,0.9938879012962925,-0.8308449721924961,0.738534375996988,0.47328639712004683,-0.10296809462334924,-0.5031864028482647,-1.0285224924432852,0.8025372759011189,-0.6520477563050078,0.3775842304104985,-0.3823799925917292,0.9184307057151948,0.7918906960445465,-0.3901717875323478,0.002023511512656684,0.3216253464856198,-0.1807655142077607
32,12,2,ch2g12,24.0,41.0,12,29,0.5987426469034665,0.47821557612233856,0.5343522994656239,0.352820638907844,1.4713365129039015,1.9217236004353146,0.8976893045977511,0.03324442152858198,0.23696634483518644,0.22830495646737847,1.8169148158042643,0.7368063319424665,0.19186618192944144,0.09157494292588086,0.03415786731623094,0.4538847457611762,0.7782572538569934,0.6928012887989644,2.723544787910818,12.995135090770942,1.968498678273425,11.989748403809218,3.451571817475603,6.625699755648002,-0.6834795469250684,0.9023129583704116,-0.865002839508727,1.3372770229004545,0.9515019732423854,-0.6373203940889731,-0.15036576394042067,0.44281402046061635,-1.1191863245341958,-0.8803527127723862,-1.4393305853937657,-1.1191863245341958,0.020741401117443686,0.8251351175731285,-0.15320544269716138,-0.07123591992399547,0.3364866968505552,-0.7787802650726506
33,13,2,ch2g13,55.0,80.0,31,39,1.092481353328658,0.053561594901751275,0.38221468823214194,0.6156300185017274,0.09877416378148107,1.3676207953940411,0.05952941058199069,0.09789933966372011,0.19002934489209936,0.31003654220738075,1.8770699892661713,1.0494769190251694,0.13703194996653967,0.019224544375286423,0.322664730631659,0.4429418549172593,0.42930592639768206,0.662401295635022,2.203375946867738,4.166693898026816,2.8884811113439492,9.713036953799756,1.1467572217472413,4.0236690263570996,-0.8205114968916081,0.8830884139951252,-0.542338108877068,2.4297583762291124,1.0050635681441367,-0.2551057058568312,0.46526425456130677,0.5415881842420974,0.2484344708598453,-0.5703161705650055,0.43773940387240556,-0.0697094055090263,-0.038788009464547,0.9230344572368486,-0.34323478758926074,0.2930813907738517,0.7581028054981227,-0.19239070739446817
34,14,2,ch2g14,14.0,61.0,41,19,1.2333979476721255,0.28586584326123043,0.41770438684737593,0.6265039247355698,0.016971788122041143,0.8234664410564393,0.5804161118705865,0.0428951961549211,0.8474741568483398,0.13643097590926911,0.07665728491045165,1.0494769190251694,1.8293682224133,0.15810725540503268,0.2716454416064026,0.8812234365201702,0.1160994735707354,0.6819534690767453,2.271909908641532,2.738495226873663,1.5351866850114542,2.1282850758546985,6.768083024016976,3.0883919840796645,1.008856725521692,1.0411956694001578,-0.8139835504834706,1.1963604285569869,0.7191977248829062,-0.6728100927042071,-0.16123967017426305,0.5246163961200563,-0.575031970196594,-0.7067471464742746,0.3610821189619539,-1.1191863245341958,0.5416281024060395,0.9659296533917697,0.5042393692590791,0.3757716879672361,0.7224043125513688,-0.5353545137318777
35,15,2,ch2g15,15.0,43.0,1,18,0.31809193255628343,1.5549781547666903,0.38126009470817174,0.6727551863157244,0.20007615327590367,1.1558742732702623,0.6817796326422134,0.10715216740449351,0.9161057384785706,0.21844900878838114,0.30701257914555957,0.0,0.15972144824932455,0.22136921164463663,0.7437826929830004,0.41015944171038543,0.4781176532474567,0.6394045598880009,13.708523953922649,3.1915595798226724,2.2427673351540367,1.3270324801438145,6.26073472875009,5.3461236155586525,1.1685781737710166,0.8198264577555212,-0.07020085750047023,1.5144523611132703,-0.8357804298837841,-0.29154999799603537,0.5115155161414614,0.72469254939596,0.5808423030736681,-0.9251961552626558,0.05406953981639435,-1.1191863245341958,-0.14015153023617385,0.8587774859872762,1.4203451077376497,0.42583967310538373,0.32431712061427354,0.1040500461561233
36,16,2,ch2g16,15.0,45.0,0,2,0.28129415364351384,0.07289516287940212,0.33592954188334634,0.7669372590799314,0.2471364556827188,0.6078314646195785,0.07268025674728612,0.19042445625022053,1.1816311414052918,0.14109676489245748,1.5368932148600971,0.0,0.27510016717621366,0.10217289251942663,0.5808654260279088,0.3074217203078805,0.42990443643837306,0.541251514787225,3.922511498267778,1.603024235012262,2.431716954133972,9.111729476130732,1.0948192674938575,3.632760286207721,0.8934780065948029,0.7176535652360946,-0.651066283528379,1.7957465147567842,-0.9086755927631862,0.04437954388731098,-0.25542174293847,0.47755609371324115,1.1886737676932466,-0.7840993903701983,-1.4828236750437027,-1.1191863245341958,-0.06747127348888773,1.0492019422374967,0.23871396633235797,0.3164464229108062,-0.029417533324011293,-0.059697066029931835
37,17,2,ch2g17,52.0,74.0,37,29,0.3230001213025233,1.7105832089571347,0.3680208639770959,0.04048862871474945,0.10909106168333382,1.8364274757033405,0.47849860752197326,0.11573630439906213,0.6666158771017892,0.4999504806001107,0.0662062386184592,2.7827284239614922,1.0869883765136996,0.31527718906054736,0.19791817938175804,0.48578524293061126,0.4633788005437075,1.170342164025095,14.114005038592286,4.944087129606617,2.707014431437851,5.731930985508365,2.8367252584374087,6.066752568716506,-0.1935103699188966,1.032930754296642,-0.8489844629101371,1.4727463934542608,0.8019076161939485,0.41240040786440685,-0.29591037165321943,0.3684650320299073,3.025101243396587,-1.284049870970309,-1.549029913662162,1.6635420994272967,0.4110273340330855,0.9334656378384346,0.9053298434341471,0.02206062298898425,0.3175478253393541,1.0314778262424604
38,18,2,ch2g18,9.0,48.0,43,26,0.6781563557902393,0.013167728725075434,0.35094191482960646,0.09345147595618003,1.4386116705838332,0.8227719607463673,0.5990064534397121,0.10388379512828894,0.21606662692355505,0.43785587323524244,0.16496481778243677,0.7692866974091599,0.12579318703974754,0.09697350988138398,0.7081863811897712,0.38685266909222427,0.36352030442020367,0.573450716219692,2.3106105625393276,12.331179061079707,2.636918663224197,7.162750500037917,1.7730946002468253,5.242910677425595,-0.31930355695864415,0.935957244415258,-0.1407980817203659,2.1509027492445,0.8150753449190239,0.0614584930348004,-0.38936184760939946,-1.070146638553926,2.20232928265022,-0.8461939977350665,-1.3840650958797251,0.8942554020181368,1.0100337874727976,0.8295818427101457,0.6892632165105921,0.32121542688283744,0.025280539522155275,0.7413016624986767
39,19,2,ch2g19,39.0,41.0,30,7,0.6260520305340604,0.0702417442915001,0.44117219373127886,0.6286383452062272,1.3846827724253545,2.1868441153169265,1.3193320416548338,2.4869054126370487,1.8084495410447878,0.09385360755735828,1.9154543479584403,1.6203608776955756,0.09576763132793875,0.05105766338464768,0.4153219649261398,0.5527287312560837,1.1816683881393983,1.2944297385429417,1.460238985144839,14.416965348012363,9.346971329753115,13.675180784629406,0.9606562936208268,7.97200254823211,-0.4150711882865829,0.9870149077999056,-0.5561200466465057,1.5248507187104396,0.885317089210524,-0.3797137006964785,-1.0180001928156266,0.3145361338714285,0.015485167333293633,-0.9400476052924248,0.5313892520787151,-0.7261054756774389,-0.3092982541820361,-1.657323569926903,-1.1191863245341958,-0.23151330437324616,0.21218676260673403,-0.553128076044265
40,20,2,ch2g20,,,,,1.295134654577894,0.039619946938245665,0.1458640602139491,1.2752283340293855,0.03600447368570142,1.1739989942194964,1.182751775565648,2.641055005174668,1.2284377072353359,0.8985794686671682,0.07458664130591958,0.3062647724274935,0.9019724491198673,0.10209292102962164,0.10254551379519017,1.1107333363919927,0.5786717976268313,0.5914222095782931,4.75912180809997,4.889027789745835,11.24076906574386,7.530563616688664,2.0429259553322776,6.092481647122121,0.4869012608332844,1.0891078288295273,-0.6586655604416959,2.8199853732883335,0.8456971422722783,-0.23384964048252938,0.257228141213759,0.27853166018572706,1.18948416155279,-0.041468136625256585,0.45680261077279555,-0.4198407032499454,0.873453521383612,0.9837314352477647,0.10925138270114013,0.8792200320187465,0.7307741354616185,-0.0027240719840481153
41,1,3,ch3g1,29.0,50.0,,,0.3119214512030244,1.9400605358764893,0.07442445058331615,0.3172617101763897,0.010885603465740301,1.0038732478373733,0.23040336658278568,0.26451898195007295,0.37086452486646093,0.345354464022526,0.059675345843252625,0.003860427364186736,0.43197086767263343,0.08802778288043411,0.019161608911410832,0.32738237193147185,0.47263365000319785,0.2944368519125496,13.136881454490128,2.2221081768395208,2.1169856681678243,0.6432181907277015,3.7513286730399105,4.374104432653017,-0.3250725294266252,1.0008953471010822,-0.8847342896905332,0.9217367516487536,-0.954043092533363,-0.6349472746093167,0.10652297086218931,-0.9548420007089613,0.6064926059574229,-0.7699722897448594,-1.356407022510269,-0.2644233274129181,0.14050540637395265,0.8084978691102366,-0.2022220401391791,0.014744061942682175,-0.2911797799082549,-0.2759668651789048
42,2,3,ch3g2,35.0,30.0,6,20,0.1320841900257873,0.009907120437759986,0.5089223949290557,0.29854644112721,0.005285055423506768,0.823429100196937,0.13595287778920734,0.10583472890904044,0.20854125960797684,0.1041567664660007,0.05225190635647814,0.8547629971212777,0.3055706201932729,0.013833064249577198,0.0899715191872481,0.19526217912029567,0.037422375075272504,0.497125454208499,1.7657140408869951,2.018675405702123,1.248494406354712,2.232581024956405,1.494848149210802,1.7520626054222075,-0.6306431496198981,0.987062282851505,-0.7947627705032851,0.7896525616229663,-0.944135972095603,-0.126024879680261,0.40506941198939933,-0.9601270561324681,-0.21693649423951414,-0.6658155232788587,-1.3041551161537908,-1.1191863245341958,0.27645828416316,0.914332598019277,0.006319219468797741,0.03494431697535374,-0.26140465270221597,-0.45011824989769167
43,3,3,ch3g3,41.0,73.0,6,43,1.0974244901714765,0.04901328657690163,0.23421684620885436,0.48204072994307073,0.09410885664620106,0.3183698691393685,0.8741104197674165,0.19579898903213022,0.50408339449359,0.17011116877998766,0.0967435326711994,0.0,0.8189948497846558,0.07050083083787828,0.01506293001110981,0.6885363316893214,0.10123309915286212,0.21434660797058455,1.9284879793237624,1.3679925141707634,3.1674527865933473,0.9970119417557216,1.7506920380006952,1.8423274519688584,0.18835170016475772,0.9165614520136267,-0.7796998404921753,1.8870770517944429,-0.8951226855187013,-0.36024172588911535,-0.07697131795367139,-0.866018199486267,-0.5353063633788826,-0.8359266920588464,-1.4008986488249902,-1.1191863245341958,1.1505687039305765,0.7185336089871468,-0.4977641750247922,0.4626198891754519,-0.305388894565837,-0.6584396858638323
44,4,3,ch3g4,28.0,46.0,13,27,0.4685048322275851,1.8854719151072121,0.11492441047902274,0.5703497660126721,0.31570487084798016,1.0346549521716677,0.4235793582753682,0.07635638318490967,0.38204563178666956,0.33303622137666444,0.17818245620759265,0.2778330466340443,0.2870220257227194,0.04409179932884344,0.3773546012025004,0.4164984407230018,0.4999614849353076,0.43736252845478096,12.616276800444323,3.1728928515657455,1.5236402480885711,1.8107284806465969,2.0489821431345545,4.234504104775958,-0.09867032555796165,0.8724696526847833,-0.4023452392896749,2.355581884022028,0.9903492295885109,-0.4751661363681381,-0.6473210839663435,-1.1817230703342472,0.49934858879278504,-1.1689629134355108,-1.2227161926173975,-0.8413532779001515,0.7269893456552083,0.6421772258022371,-0.11571854323812265,0.2335233813434841,0.020111369024777326,-0.26704692160066046
45,5,3,ch3g5,43.0,50.0,15,4,0.18821154822855357,1.7389784026536177,0.2681693765257689,0.7939764425827367,0.015353792465217841,1.590128534002707,0.4724851855209017,0.29844284441402924,0.49987863175406455,0.4538116606150844,0.3243569809487843,2.478738421374346,0.32095621449306566,0.1348060530896844,0.5396372706696002,0.44588821028806847,0.5023876147142666,1.0753104468652972,13.187574149556443,3.9354066119574704,1.4891480488075814,5.591272354925117,1.906974211720037,5.22207507539333,-0.41962654005102734,1.0072757057744677,-0.9419825099592751,2.1673703357934744,-0.7486291730651068,-0.20699675984236923,0.14665535861639323,-1.1663692778690293,2.089477122795492,-0.7151512528204265,-1.5470731735661818,1.6373851434741946,0.25450416013430666,0.9406200702162664,0.3841600885159419,0.286750412334544,-0.30283516970191676,0.5924086169967968
46,6,3,ch3g6,26.0,75.0,17,25,0.2779079579558119,1.5039098760564433,0.07983389354881534,0.6214266013416981,1.855397089407899,3.2086634473296876,0.7661814509490618,0.20864174956722847,0.5974605939887203,1.2839637188120534,0.3291718157179042,0.3671123022826701,0.21034817805219813,0.15403572174548785,0.2106131160538106,0.6319655814221646,0.8102312504989925,0.8927366706407408,12.653105693692035,14.797770367397982,2.8365173494692866,5.486043968410759,2.596567659382616,7.674001007670536,-0.6299747181032255,0.8532399840289798,-0.7313693939054645,2.4452782937492863,0.7552807029913365,-0.2868306533911846,-0.4747712427253049,0.6890278115388697,-1.1191863245341958,0.568812465991627,-1.2179013578482776,1.2702728411915245,1.0206856110833684,0.7319783206490379,0.9816206825046623,0.5860060819991503,0.3623250922719893,0.022901430373068375
47,7,3,ch3g7,23.0,62.0,3,13,1.0976970125636494,0.22869310962932954,0.346032284434585,0.36467762433206724,1.7427372366520884,1.5195786615489333,0.48886919350015223,0.13362306767590715,0.2604792863143649,0.1099173253172302,0.09619740867908888,1.6991719858742793,0.5543155062277701,0.022333367636345525,0.06713778359075617,0.5230953323881739,0.4447168380545519,0.7784800003525837,1.7263766122297388,13.497654211730095,4.8689255280279955,3.2167090700169516,2.4161368075786887,5.1451604459166935,-0.07565921187545535,0.8309066163926343,-0.7985071774962207,1.347581281185637,0.9839738126206661,0.05920163104340045,-0.11009361839323768,-1.0537094251132186,0.40039233701473753,0.6787297913088572,-1.1217039491691887,-0.4288991446827548,0.5318164175832162,0.865601388324945,0.7211413961902974,0.47447493196180346,0.10101368861116762,-0.009334191586108043
48,8,3,ch3g8,28.0,28.0,5,34,0.23915806761697778,0.182474224941794,0.3044671304327845,0.2748966125683442,0.08181131223152982,0.02849209990404228,0.0608805692180347,0.004338401414182291,0.16096772381499413,0.2492031840072555,0.07858661730552807,0.690287179851441,0.48237730368565,0.2138700974817046,0.31790430184291335,0.2613031474192524,0.11221613067494776,0.30042368716923507,2.572785014045171,0.5313088061265523,4.8418472373280546,1.507337030767533,1.0840236471099256,2.107460347075447,-0.5580365155611053,1.044776713874339,-0.48060287565330734,1.1084232135686591,0.8014995876788721,-0.24526549938938405,0.16480299417510652,-0.9718981128816888,0.37190023711069525,0.9279329753161127,-1.2002905664747168,-1.1191863245341958,0.4709358483651815,0.8612629869107628,0.5601736723753032,0.42281170317279093,0.10707012182151363,-0.18259615801817772
49,9,3,ch3g9,50.0,80.0,22,52,0.04342620005428399,0.10047592090796142,0.9115841021751635,0.2577938894015045,0.33358635210425014,1.491086561644891,0.5140610803609149,0.019865668840256534,0.33403976152065695,0.3605865665627823,0.11658661768024081,3.9480957603877043,0.2268551694460858,0.0196451037555343,1.1384938292999158,0.28054458116511427,0.11803193265764864,1.5646600030056663,1.7317406248305287,3.842914816223685,1.045010072378701,6.435892449402343,2.789174496194798,3.168946491806011,-0.33118134611501954,1.0251316101188046,0.6578909536466084,1.1518494136229431,0.7010236667709107,0.6663186027857795,-0.09299089522639795,-1.305484464985939,-1.1191863245341958,0.5673464087533304,-1.3168771841549576,2.8289094358535083,0.9849969287260963,0.8413973180705062,0.22613391085464626,0.45600410195219043,-0.010961810836134988,0.6520133157212693
50,10,3,ch3g10,62.0,75.0,12,5,0.6139840939984267,1.7931173894705936,1.690531260973159,0.4699607893474447,0.2500536470789305,1.7993045161139682,0.27039283986078055,0.08523917012977567,0.8725825530772919,1.5342637884119523,0.21650944689399965,3.9480957603877043,0.4929073633873245,0.00976536741627232,1.513497464609483,0.6763017750011857,0.47093700419791434,1.9648023110323212,12.872597292019456,4.022404848938301,2.957899928978996,7.858990940930278,3.980835524195101,6.338545707012426,-0.824088709502344,1.034896977535077,-0.8556065109628747,1.7658335076213698,-1.092093722699683,-1.0242126581873796,0.3769698941210467,-1.0554308179070084,0.6801181915797725,-0.966917379658622,-1.5333866310489572,-1.1191863245341958,0.7146040888653158,0.9266364882002819,1.0987164639319382,0.21328028028935328,-0.34387554118405805,-0.24403416763454783
51,11,3,ch3g11,21.0,60.0,41,15,0.06724250329319759,0.23940017935213087,0.3135853404354876,1.1522529018717338,0.014809172940899673,1.457077942870729,1.8400613111330026,2.0615941914404794,0.40758717064136696,0.6268989198777014,0.23904059627648766,0.9828283221335841,0.2164112983290204,0.15965799136840142,0.05806660925031926,0.7805733869009311,0.5429004262756798,0.6438290770662974,1.5759477540689126,3.3627635077139404,12.92480002663325,3.0193734797567093,1.270056022283801,4.4305881580913224,-1.0405000078313644,0.8752389861666755,-0.9136731202131939,1.6985910043281722,-0.8526935433475521,-0.710627317751892,-0.7752830077506871,-1.070239990847908,-0.7769597512909565,-1.5938162995363234,-1.2943460347724696,-0.13635800240061174,-1.1254572222676869,-1.1349577032401976,1.5063036345733052,-0.567293106611578,-0.6953996572082904,-0.2062629114166698
52,12,3,ch3g12,21.0,53.0,0,7,1.4054606572638584,1.8874744817569185,0.10429879149046495,0.3204354207258085,0.2743328138918,4.128087479938486,0.09815445265660161,0.050484197922542995,0.6014740267155174,0.8091142510396244,0.13673591880790026,0.9828283221335841,0.5613408839315239,0.10026073234233768,0.7147352669721684,0.6389011331234833,0.48985762894429996,1.3062847774500441,12.087646420898134,7.150032602399306,1.108167367054251,2.5874730581347354,1.6281605968345532,4.912296009064195,-0.47915912389984044,0.7749782538243378,-0.19893785324102553,3.1040516615920306,1.0347809384093665,-0.6063285262614271,-0.45484758702487865,-1.344572804739708,3.35112772864753,-0.784702048496699,-1.4310819535803698,-1.1191863245341958,-1.0273027696110852,-1.0844735053176546,0.9048296078577878,0.07160802651190548,-0.4100738142808056,0.46630092649373384
53,13,3,ch3g13,32.0,50.0,11,3,0.0238699414663186,0.0508446568774088,0.29653786453787423,0.5822519481539323,0.26787805856248537,1.823783728262349,0.19040257830232732,0.24420866765038596,0.7952811601034585,0.06601595623314072,0.07173953180376769,0.9307419301987253,0.45758288281488496,0.202624584759036,0.48084281667297635,0.2640246613941208,0.16745909993061675,0.8654374999550768,0.9030850791776732,3.2038925451745444,2.045448213554746,2.4009097540761353,1.2111383776067133,1.9528947939179626,-0.9367420067147254,0.9776028385833738,-0.6797806699140019,3.127921603058349,1.0856255952867753,-0.30979066172355285,0.1274043611290537,-1.0766947461772227,1.5273440003851808,-0.8507180047298397,-1.3593424217766021,-0.18844439433547042,-1.2177053479134126,-0.8402648376672687,0.10954844775432923,0.05003212096588507,-0.2426147143501889,0.09177534443329698
54,14,3,ch3g14,26.0,70.0,6,20,0.9227582932203959,2.003374744114834,0.10235153411873205,0.24701242166526735,0.1466808355350726,0.2881559651970025,0.14930974328829705,0.030864224083332337,0.15334050104010802,0.11216792050165147,1.5071499648706945,0.9307419301987253,0.22174855112336966,0.08391959347743094,0.09003783886913597,0.3305993859597963,0.754397872416273,0.3129255538847408,12.134629835062093,0.9293265444334874,0.8788086488835459,10.084846117114544,0.764775011117336,4.958477231322202,-0.7149934555913557,1.0615224320608048,-0.5897428310448659,2.2051633098379533,-0.917749148828059,-0.2074391276048208,0.37441678279432106,-1.2233755817122953,1.8154999655821833,-0.7385500842281882,0.1478075430940924,-1.1191863245341958,-1.0683956046251155,-0.8094006135839363,0.26288894879443725,0.011528189637522956,-0.34823907379387864,0.032404126238547604
55,15,3,ch3g15,20.0,30.0,6,40,0.5054018197466563,1.6831688050336993,0.30511034438346357,0.5190618242365002,0.18577497228280326,1.4917165244638244,0.03433629767265556,0.240426715707606,0.9131931575133458,0.2005363366118582,1.6202867159407965,0.0,0.06792700749339009,0.017352101961171984,0.2727712474072451,0.2654526571522121,0.7494018621852154,0.5965582547535757,11.90221063047672,3.1264698453511315,1.9809301997067787,9.260673458502792,1.0015080210261391,5.454358431012713,-0.7829204630847458,1.0788745340219767,-0.3169715836376208,2.7105651295846096,0.7654196562056402,0.09767121677864277,-0.14464504144217916,-1.037600609429492,0.32378344111835883,-0.9390864208400465,-1.4724791728467042,-1.1191863245341958,-1.03405930695246,-1.0498273292915423,1.176082106307783,-0.03802922054696436,-0.34312258426802433,0.03227577120659362
56,16,3,ch3g16,21.0,80.0,1,50,0.19859540591066205,0.05640566333349217,0.49821832292304863,0.0400050615809415,1.7094157037909725,1.7291506903308442,0.6931696171542651,1.9367893060223536,1.4713983636519523,0.13936491401821138,1.5309396350687645,3.8654282203151302,0.243541250026171,0.5655819097334339,0.5683283860667719,0.2629352497380502,1.1598264435898034,1.6265047966575494,1.1020252542203457,12.338549062046855,14.81691570778713,8.612641960375383,1.7948169954811013,7.732989795982162,-0.5393792130585748,0.5132926242885428,-0.8852999697043927,2.5119697236739476,0.7090139928721481,-0.40054710614440586,-0.10463997986123766,0.6718150943614803,2.052934131449203,-1.0784513348582578,0.05846046222206036,2.7462418957809343,-0.3408896897981949,0.8869619767308112,-0.2953162573441693,0.08972190121953649,0.5679088300950086,0.6436025388074339
57,17,3,ch3g17,50.0,30.0,29,50,0.01105607771725925,0.057717685054641366,0.12308739698474774,0.07528454200126254,0.32773048577592917,0.49946737051287915,0.04109896563035259,0.02187903154947546,0.32958451318880694,0.5044514393864473,1.5032784303056266,3.8654282203151302,0.29044118761452475,0.25802803415735,0.050418148735989154,0.1844664424699693,0.43372673336860446,0.9735971299475107,0.9264877711217075,2.1082202197481332,0.5531595635607894,8.709755411108675,1.8630223572189044,2.832129064551642,-0.2489380254440501,0.7713206584458928,-0.8348818209684036,2.5009136459566883,0.7667316779267894,-0.5236345031291536,-0.029355437859975117,0.3440846085855512,2.5524015019620823,-0.5739998954718105,-1.4448179680835662,-1.1191863245341958,-0.2997907241678423,0.9088410082802867,-0.6249007705329762,0.269765912602602,0.26923199703099077,-0.11004038344052944
58,18,3,ch3g18,28.0,60.0,22,30,0.8756463269523653,1.6125474700111386,2.20872854385294,0.44796610877093246,0.009767877544155368,0.47363695518355176,0.13281161131899516,0.10449761845700745,0.5161350975789789,0.22710907325730068,0.04575620181485496,1.424604995202126,0.3186427083216441,0.07234014034969438,0.037270814395564456,0.40043516572424753,0.36898186163537017,0.9320752812426323,12.5564260733626,1.0229569931528997,3.72423596102089,3.341550065855117,1.987177284319509,4.526469275542203,-0.5675807337656942,0.8436607987955872,-0.7976110065728391,3.3765599729090536,-0.8458157920843492,1.6850940407237862,0.4186106709109573,0.3343167310413958,2.0787645467785305,-0.8011089687291112,-1.3990617662687113,0.30541867066793016,-0.16697911284884714,1.0133386267372941,-0.10876567295399726,0.4519003656952716,-0.010712280355756665,0.6325801157286821
59,19,3,ch3g19,27.0,40.0,1,20,0.25909991402434196,1.70676547404019,1.1767661053626797,0.5658432105302406,1.630882178025097,3.1979508713127265,0.4320901704910812,0.06797619605726624,1.1355917750309013,0.07062940755225278,1.6393524887730127,1.424604995202126,0.34800820666897986,0.12021951622980032,0.01493518088815493,0.33513418185337923,1.0330391706250732,1.3899697855593176,12.093404609616538,11.2892824742711,3.947773383079893,10.60809784534069,2.065488405084985,8.00080934347864,-0.21957252709671432,0.9638803150253875,-0.7826758256846842,3.6356598869333956,0.8609496819558409,0.5083279353611064,-0.14723253961928323,-1.2965654469837011,-1.1191863245341958,-0.7304795611768584,0.24029072250430145,-1.1191863245341958,0.2651110576422341,0.9453624306800279,1.026826102076904,0.5606972633365548,0.34278354063637134,-0.297178887463013
60,20,3,ch3g20,35.0,85.0,8,45,0.8223986360343272,0.3805220518434827,0.7396893190291047,0.07522860345907492,0.06272057954372112,2.067415269860684,0.3328981541473631,0.2098043857734032,0.45058972016908605,0.04716251164529428,1.7612040576515915,0.0,0.5595388921088138,0.05022348285052536,0.06157008017016763,0.36744535947897466,0.4928949115325447,0.6638528778458085,2.2181920270172237,4.459385304995861,1.464308194562162,9.206761417216567,1.4439908130229189,3.7585275513629464,-0.7791114192055281,1.0141037978759129,-0.8442459058548518,2.8132612508990684,0.4804276301123582,-0.23136138366799833,-0.22246114307835815,-1.3592860265274223,0.9482289453264884,-0.7776420728221527,-1.52091333514729,-1.1191863245341958,0.5980092117895972,0.7355580449066247,1.47741582224599,0.32641116551652544,-0.1300219777559633,0.046170230703086526
